word,p1,p2,p3,p4,p5,p6,p7,p8
ಹುಡುಗಿ,ಹುಡುಗಿ,ಹುಡುಗಿಯನ್ನು,ಹುಡುಗಿಯಿಂದ,ಹುಡುಗಿಗೆ,ಹುಡುಗಿಯಿಂದ,ಹುಡುಗಿಯ,ಹುಡುಗಿಯಲ್ಲಿ,ಹುಡುಗಿಯೇ
ಮಹಿಳೆ,ಮಹಿಳೆ,ಮಹಿಳೆಯನ್ನು,ಮಹಿಳೆಯಿಂದ,ಮಹಿಳೆಗೆ,ಮಹಿಳೆಯಿಂದ,ಮಹಿಳೆಯ,ಮಹಿಳೆಯಲ್ಲಿ,ಮಹಿಳೆಯೇ
ರಾಣಿ,ರಾಣಿ,ರಾಣಿಯನ್ನು,ರಾಣಿಯಿಂದ,ರಾಣಿಗೆ,ರಾಣಿಯಿಂದ,ರಾಣಿಯ,ರಾಣಿಯಲ್ಲಿ,ರಾಣಿಯೇ
ತಾಯಿ,ತಾಯಿ,ತಾಯಿಯನ್ನು,ತಾಯಿಯಿಂದ,ತಾಯಿಗೆ,ತಾಯಿಯಿಂದ,ತಾಯಿಯ,ತಾಯಿಯಲ್ಲಿ,ತಾಯಿಯೇ
ಅಕ್ಕ,ಅಕ್ಕ,ಅಕ್ಕನನ್ನು,ಅಕ್ಕನಿಂದ,ಅಕ್ಕನಿಗೆ,ಅಕ್ಕನಿಂದ,ಅಕ್ಕನ,ಅಕ್ಕನಲ್ಲಿ,ಅಕ್ಕನೇ
ತಂಗಿ,ತಂಗಿ,ತಂಗಿಯನ್ನು,ತಂಗಿಯಿಂದ,ತಂಗಿಗೆ,ತಂಗಿಯಿಂದ,ತಂಗಿಯ,ತಂಗಿಯಲ್ಲಿ,ತಂಗಿಯೇ
ಮಗಳು,ಮಗಳು,ಮಗಳನ್ನು,ಮಗಳಿಂದ,ಮಗಳಿಗೆ,ಮಗಳಿಂದ,ಮಗಳ,ಮಗಳಲ್ಲಿ,ಮಗಳೇ
ಹೆಂಡತಿ,ಹೆಂಡತಿ,ಹೆಂಡತಿಯನ್ನು,ಹೆಂಡತಿಯಿಂದ,ಹೆಂಡತಿಗೆ,ಹೆಂಡತಿಯಿಂದ,ಹೆಂಡತಿಯ,ಹೆಂಡತಿಯಲ್ಲಿ,ಹೆಂಡತಿಯೇ
ಅತ್ತಿಗೆ,ಅತ್ತಿಗೆ,ಅತ್ತಿಗೆಯನ್ನು,ಅತ್ತಿಗೆಯಿಂದ,ಅತ್ತಿಗೆಗೆ,ಅತ್ತಿಗೆಯಿಂದ,ಅತ್ತಿಗೆಯ,ಅತ್ತಿಗೆಯಲ್ಲಿ,ಅತ್ತಿಗೆಯೇ
ಅತ್ತೆ,ಅತ್ತೆ,ಅತ್ತೆಯನ್ನು,ಅತ್ತೆಯಿಂದ,ಅತ್ತೆಗೆ,ಅತ್ತೆಯಿಂದ,ಅತ್ತೆಯ,ಅತ್ತೆಯಲ್ಲಿ,ಅತ್ತೆಯೇ
ಅಜ್ಜಿ,ಅಜ್ಜಿ,ಅಜ್ಜಿಯನ್ನು,ಅಜ್ಜಿಯಿಂದ,ಅಜ್ಜಿಗೆ,ಅಜ್ಜಿಯಿಂದ,ಅಜ್ಜಿಯ,ಅಜ್ಜಿಯಲ್ಲಿ,ಅಜ್ಜಿಯೇ
ಸೊಸೆ,ಸೊಸೆ,ಸೊಸೆಯನ್ನು,ಸೊಸೆಯಿಂದ,ಸೊಸೆಗೆ,ಸೊಸೆಯಿಂದ,ಸೊಸೆಯ,ಸೊಸೆಯಲ್ಲಿ,ಸೊಸೆಯೇ
ನಾದಿನಿ,ನಾದಿನಿ,ನಾದಿನಿಯನ್ನು,ನಾದಿನಿಯಿಂದ,ನಾದಿನಿಗೆ,ನಾದಿನಿಯಿಂದ,ನಾದಿನಿಯ,ನಾದಿನಿಯಲ್ಲಿ,ನಾದಿನಿಯೇ
ದೇವತೆ,ದೇವತೆ,ದೇವತೆಯನ್ನು,ದೇವತೆಯಿಂದ,ದೇವತೆಗೆ,ದೇವತೆಯಿಂದ,ದೇವತೆಯ,ದೇವತೆಯಲ್ಲಿ,ದೇವತೆಯೇ
ಗೊಂಬೆ,ಗೊಂಬೆ,ಗೊಂಬೆಯನ್ನು,ಗೊಂಬೆಯಿಂದ,ಗೊಂಬೆಗೆ,ಗೊಂಬೆಯಿಂದ,ಗೊಂಬೆಯ,ಗೊಂಬೆಯಲ್ಲಿ,ಗೊಂಬೆಯೇ
ಮಡದಿ,ಮಡದಿ,ಮಡದಿಯನ್ನು,ಮಡದಿಯಿಂದ,ಮಡದಿಗೆ,ಮಡದಿಯಿಂದ,ಮಡದಿಯ,ಮಡದಿಯಲ್ಲಿ,ಮಡದಿಯೇ
ಶಿಕ್ಷಕಿ,ಶಿಕ್ಷಕಿ,ಶಿಕ್ಷಕಿಯನ್ನು,ಶಿಕ್ಷಕಿಯಿಂದ,ಶಿಕ್ಷಕಿಗೆ,ಶಿಕ್ಷಕಿಯಿಂದ,ಶಿಕ್ಷಕಿಯ,ಶಿಕ್ಷಕಿಯಲ್ಲಿ,ಶಿಕ್ಷಕಿಯೇ
ವೈದ್ಯೆ,ವೈದ್ಯೆ,ವೈದ್ಯೆಯನ್ನು,ವೈದ್ಯೆಯಿಂದ,ವೈದ್ಯೆಗೆ,ವೈದ್ಯೆಯಿಂದ,ವೈದ್ಯೆಯ,ವೈದ್ಯೆಯಲ್ಲಿ,ವೈದ್ಯೆಯೇ
ಕವಯತ್ರಿ,ಕವಯತ್ರಿ,ಕವಯತ್ರಿಯನ್ನು,ಕವಯತ್ರಿಯಿಂದ,ಕವಯತ್ರಿಗೆ,ಕವಯತ್ರಿಯಿಂದ,ಕವಯತ್ರಿಯ,ಕವಯತ್ರಿಯಲ್ಲಿ,ಕವಯತ್ರಿಯೇ
ನರ್ತಕಿ,ನರ್ತಕಿ,ನರ್ತಕಿಯನ್ನು,ನರ್ತಕಿಯಿಂದ,ನರ್ತಕಿಗೆ,ನರ್ತಕಿಯಿಂದ,ನರ್ತಕಿಯ,ನರ್ತಕಿಯಲ್ಲಿ,ನರ್ತಕಿಯೇ
ಗಾಯಕಿ,ಗಾಯಕಿ,ಗಾಯಕಿಯನ್ನು,ಗಾಯಕಿಯಿಂದ,ಗಾಯಕಿಗೆ,ಗಾಯಕಿಯಿಂದ,ಗಾಯಕಿಯ,ಗಾಯಕಿಯಲ್ಲಿ,ಗಾಯಕಿಯೇ
ಲೇಖಕಿ,ಲೇಖಕಿ,ಲೇಖಕಿಯನ್ನು,ಲೇಖಕಿಯಿಂದ,ಲೇಖಕಿಗೆ,ಲೇಖಕಿಯಿಂದ,ಲೇಖಕಿಯ,ಲೇಖಕಿಯಲ್ಲಿ,ಲೇಖಕಿಯೇ
ವಿದ್ಯಾರ್ಥಿನಿ,ವಿದ್ಯಾರ್ಥಿನಿ,ವಿದ್ಯಾರ್ಥಿನಿಯನ್ನು,ವಿದ್ಯಾರ್ಥಿನಿಯಿಂದ,ವಿದ್ಯಾರ್ಥಿನಿಗೆ,ವಿದ್ಯಾರ್ಥಿನಿಯಿಂದ,ವಿದ್ಯಾರ್ಥಿನಿಯ,ವಿದ್ಯಾರ್ಥಿನಿಯಲ್ಲಿ,ವಿದ್ಯಾರ್ಥಿನಿಯೇ
ಕಾರ್ಮಿಕಿ,ಕಾರ್ಮಿಕಿ,ಕಾರ್ಮಿಕಿಯನ್ನು,ಕಾರ್ಮಿಕಿಯಿಂದ,ಕಾರ್ಮಿಕಿಗೆ,ಕಾರ್ಮಿಕಿಯಿಂದ,ಕಾರ್ಮಿಕಿಯ,ಕಾರ್ಮಿಕಿಯಲ್ಲಿ,ಕಾರ್ಮಿಕಿಯೇ
ಮಾಲಿಕಿ,ಮಾಲಿಕಿ,ಮಾಲಿಕಿಯನ್ನು,ಮಾಲಿಕಿಯಿಂದ,ಮಾಲಿಕಿಗೆ,ಮಾಲಿಕಿಯಿಂದ,ಮಾಲಿಕಿಯ,ಮಾಲಿಕಿಯಲ್ಲಿ,ಮಾಲಿಕಿಯೇ
ಅಡಿಗೆಗಾತಿ,ಅಡಿಗೆಗಾತಿ,ಅಡಿಗೆಗಾತಿಯನ್ನು,ಅಡಿಗೆಗಾತಿಯಿಂದ,ಅಡಿಗೆಗಾತಿಗೆ,ಅಡಿಗೆಗಾತಿಯಿಂದ,ಅಡಿಗೆಗಾತಿಯ,ಅಡಿಗೆಗಾತಿಯಲ್ಲಿ,ಅಡಿಗೆಗಾತಿಯೇ
ಭೂಮಿ,ಭೂಮಿ,ಭೂಮಿಯನ್ನು,ಭೂಮಿಯಿಂದ,ಭೂಮಿಗೆ,ಭೂಮಿಯಿಂದ,ಭೂಮಿಯ,ಭೂಮಿಯಲ್ಲಿ,ಭೂಮಿಯೇ
ನದಿ,ನದಿ,ನದಿಯನ್ನು,ನದಿಯಿಂದ,ನದಿಗೆ,ನದಿಯಿಂದ,ನದಿಯ,ನದಿಯಲ್ಲಿ,ನದಿಯೇ
ಬೆಳ್ಳಿ,ಬೆಳ್ಳಿ,ಬೆಳ್ಳಿಯನ್ನು,ಬೆಳ್ಳಿಯಿಂದ,ಬೆಳ್ಳಿಗೆ,ಬೆಳ್ಳಿಯಿಂದ,ಬೆಳ್ಳಿಯ,ಬೆಳ್ಳಿಯಲ್ಲಿ,ಬೆಳ್ಳಿಯೇ
ದೋಣಿ,ದೋಣಿ,ದೋಣಿಯನ್ನು,ದೋಣಿಯಿಂದ,ದೋಣಿಗೆ,ದೋಣಿಯಿಂದ,ದೋಣಿಯ,ದೋಣಿಯಲ್ಲಿ,ದೋಣಿಯೇ
ಬಳ್ಳಿ,ಬಳ್ಳಿ,ಬಳ್ಳಿಯನ್ನು,ಬಳ್ಳಿಯಿಂದ,ಬಳ್ಳಿಗೆ,ಬಳ್ಳಿಯಿಂದ,ಬಳ್ಳಿಯ,ಬಳ್ಳಿಯಲ್ಲಿ,ಬಳ್ಳಿಯೇ
ಬಾಗಿಲು,ಬಾಗಿಲು,ಬಾಗಿಲನ್ನು,ಬಾಗಿಲಿಂದ,ಬಾಗಿಲಿಗೆ,ಬಾಗಿಲಿಂದ,ಬಾಗಿಲ,ಬಾಗಿಲಲ್ಲಿ,ಬಾಗಿಲೇ
ಸೇವೆ,ಸೇವೆ,ಸೇವೆಯನ್ನು,ಸೇವೆಯಿಂದ,ಸೇವೆಗೆ,ಸೇವೆಯಿಂದ,ಸೇವೆಯ,ಸೇವೆಯಲ್ಲಿ,ಸೇವೆ
ಪ್ರೀತಿ,ಪ್ರೀತಿ,ಪ್ರೀತಿಯನ್ನು,ಪ್ರೀತಿಯಿಂದ,ಪ್ರೀತಿಗೆ,ಪ್ರೀತಿಯಿಂದ,ಪ್ರೀತಿಯ,ಪ್ರೀತಿಯಲ್ಲಿ,ಪ್ರೀತಿಯೇ
ಕ್ಷಮೆ,ಕ್ಷಮೆ,ಕ್ಷಮೆಯನ್ನು,ಕ್ಷಮೆಯಿಂದ,ಕ್ಷಮೆಗೆ,ಕ್ಷಮೆಯಿಂದ,ಕ್ಷಮೆಯ,ಕ್ಷಮೆಯಲ್ಲಿ,ಕ್ಷಮೆಯೇ
ಶಾಂತಿ,ಶಾಂತಿ,ಶಾಂತಿಯನ್ನು,ಶಾಂತಿಯಿಂದ,ಶಾಂತಿಗೆ,ಶಾಂತಿಯಿಂದ,ಶಾಂತಿಯ,ಶಾಂತಿಯಲ್ಲಿ,ಶಾಂತಿಯೇ
ವಾಣಿ,ವಾಣಿ,ವಾಣಿಯನ್ನು,ವಾಣಿಯಿಂದ,ವಾಣಿಗೆ,ವಾಣಿಯಿಂದ,ವಾಣಿಯ,ವಾಣಿಯಲ್ಲಿ,ವಾಣಿಯೇ
ರೀತಿ,ರೀತಿ,ರೀತಿಯನ್ನು,ರೀತಿಯಿಂದ,ರೀತಿಗೆ,ರೀತಿಯಿಂದ,ರೀತಿಯ,ರೀತಿಯಲ್ಲಿ,ರೀತಿಯೇ
ಸುಂದರಿ,ಸುಂದರಿ,ಸುಂದರಿಯನ್ನು,ಸುಂದರಿಯಿಂದ,ಸುಂದರಿಗೆ,ಸುಂದರಿಯಿಂದ,ಸುಂದರಿಯ,ಸುಂದರಿಯಲ್ಲಿ,ಸುಂದರಿಯೇ
ಸಮಸ್ಯೆ,ಸಮಸ್ಯೆ,ಸಮಸ್ಯೆಯನ್ನು,ಸಮಸ್ಯೆಯಿಂದ,ಸಮಸ್ಯೆಗೆ,ಸಮಸ್ಯೆಯಿಂದ,ಸಮಸ್ಯೆಯ,ಸಮಸ್ಯೆಯಲ್ಲಿ,ಸಮಸ್ಯೆಯೇ
ಪತ್ರಿಕೆ,ಪತ್ರಿಕೆ,ಪತ್ರಿಕೆಯನ್ನು,ಪತ್ರಿಕೆಯಿಂದ,ಪತ್ರಿಕೆಗೆ,ಪತ್ರಿಕೆಯಿಂದ,ಪತ್ರಿಕೆಯ,ಪತ್ರಿಕೆಯಲ್ಲಿ,ಪತ್ರಿಕೆಯೇ
ಪ್ರಕಾಶಕಿ,ಪ್ರಕಾಶಕಿ,ಪ್ರಕಾಶಕಿಯನ್ನು,ಪ್ರಕಾಶಕಿಯಿಂದ,ಪ್ರಕಾಶಕಿಗೆ,ಪ್ರಕಾಶಕಿಯಿಂದ,ಪ್ರಕಾಶಕಿಯ,ಪ್ರಕಾಶಕಿಯಲ್ಲಿ,ಪ್ರಕಾಶಕಿಯೇ
ವಿಮರ್ಶಕಿ,ವಿಮರ್ಶಕಿ,ವಿಮರ್ಶಕಿಯನ್ನು,ವಿಮರ್ಶಕಿಯಿಂದ,ವಿಮರ್ಶಕಿಗೆ,ವಿಮರ್ಶಕಿಯಿಂದ,ವಿಮರ್ಶಕಿಯ,ವಿಮರ್ಶಕಿಯಲ್ಲಿ,ವಿಮರ್ಶಕಿಯೇ
ಶೋಧಕಿ,ಶೋಧಕಿ,ಶೋಧಕಿಯನ್ನು,ಶೋಧಕಿಯಿಂದ,ಶೋಧಕಿಗೆ,ಶೋಧಕಿಯಿಂದ,ಶೋಧಕಿಯ,ಶೋಧಕಿಯಲ್ಲಿ,ಶೋಧಕಿಯೇ
ಮಂಡಳಿ,ಮಂಡಳಿ,ಮಂಡಳಿಯನ್ನು,ಮಂಡಳಿಯಿಂದ,ಮಂಡಳಿಗೆ,ಮಂಡಳಿಯಿಂದ,ಮಂಡಳಿಯ,ಮಂಡಳಿಯಲ್ಲಿ,ಮಂಡಳಿಯೇ
ಸಭೆ,ಸಭೆ,ಸಭೆಯನ್ನು,ಸಭೆಯಿಂದ,ಸಭೆಗೆ,ಸಭೆಯಿಂದ,ಸಭೆಯ,ಸಭೆಯಲ್ಲಿ,ಸಭೆಯೇ
ಯೋಜನೆ,ಯೋಜನೆ,ಯೋಜನೆಯನ್ನು,ಯೋಜನೆಯಿಂದ,ಯೋಜನೆಗೆ,ಯೋಜನೆಯಿಂದ,ಯೋಜನೆಯ,ಯೋಜನೆಯಲ್ಲಿ,ಯೋಜನೆಯೇ
ಕಾಯಿದೆ,ಕಾಯಿದೆ,ಕಾಯಿದೆಯನ್ನು,ಕಾಯಿದೆಯಿಂದ,ಕಾಯಿದೆಗೆ,ಕಾಯಿದೆಯಿಂದ,ಕಾಯಿದೆಯ,ಕಾಯಿದೆಯಲ್ಲಿ,ಕಾಯಿದೆಯೇ
ಒಡತಿ,ಒಡತಿ,ಒಡತಿಯನ್ನು,ಒಡತಿಯಿಂದ,ಒಡತಿಗೆ,ಒಡತಿಯಿಂದ,ಒಡತಿಯ,ಒಡತಿಯಲ್ಲಿ,ಒಡತಿಯೇ
ಮಾದರಿ,ಮಾದರಿ,ಮಾದರಿಯನ್ನು,ಮಾದರಿಯಿಂದ,ಮಾದರಿಗೆ,ಮಾದರಿಯಿಂದ,ಮಾದರಿಯ,ಮಾದರಿಯಲ್ಲಿ,ಮಾದರಿಯೇ
ವೇದಿಕೆ,ವೇದಿಕೆ,ವೇದಿಕೆಯನ್ನು,ವೇದಿಕೆಯಿಂದ,ವೇದಿಕೆಗೆ,ವೇದಿಕೆಯಿಂದ,ವೇದಿಕೆಯ,ವೇದಿಕೆಯಲ್ಲಿ,ವೇದಿಕೆಯೇ
ಪರೀಕ್ಷೆ,ಪರೀಕ್ಷೆ,ಪರೀಕ್ಷೆಯನ್ನು,ಪರೀಕ್ಷೆಯಿಂದ,ಪರೀಕ್ಷೆಗೆ,ಪರೀಕ್ಷೆಯಿಂದ,ಪರೀಕ್ಷೆಯ,ಪರೀಕ್ಷೆಯಲ್ಲಿ,ಪರೀಕ್ಷೆಯೇ
ದಿಕ್ಕು,ದಿಕ್ಕು,ದಿಕ್ಕನ್ನು,ದಿಕ್ಕಿನಿಂದ,ದಿಕ್ಕಿಗೆ,ದಿಕ್ಕಿನಿಂದ,ದಿಕ್ಕಿನ,ದಿಕ್ಕಿನಲ್ಲಿ,ದಿಕ್ಕೇ
ಬೆಲೆ,ಬೆಲೆ,ಬೆಲೆಯನ್ನು,ಬೆಲೆಯಿಂದ,ಬೆಲೆಗೆ,ಬೆಲೆಯಿಂದ,ಬೆಲೆಯ,ಬೆಲೆಯಲ್ಲಿ,ಬೆಲೆಯೇ
ಹಾದಿ,ಹಾದಿ,ಹಾದಿಯನ್ನು,ಹಾದಿಯಿಂದ,ಹಾದಿಗೆ,ಹಾದಿಯಿಂದ,ಹಾದಿಯ,ಹಾದಿಯಲ್ಲಿ,ಹಾದಿಯೇ
ಕಥೆ,ಕಥೆ,ಕಥೆಯನ್ನು,ಕಥೆಯಿಂದ,ಕಥೆಗೆ,ಕಥೆಯಿಂದ,ಕಥೆಯ,ಕಥೆಯಲ್ಲಿ,ಕಥೆಯೇ
ಭಾವನೆ,ಭಾವನೆ,ಭಾವನೆಯನ್ನು,ಭಾವನೆಯಿಂದ,ಭಾವನೆಗೆ,ಭಾವನೆಯಿಂದ,ಭಾವನೆಯ,ಭಾವನೆಯಲ್ಲಿ,ಭಾವನೆಯೇ
ದಾಳಿ,ದಾಳಿ,ದಾಳಿಯನ್ನು,ದಾಳಿಯಿಂದ,ದಾಳಿಗೆ,ದಾಳಿಯಿಂದ,ದಾಳಿಯ,ದಾಳಿಯಲ್ಲಿ,ದಾಳಿಯೇ
ಖುಷಿ,ಖುಷಿ,ಖುಷಿಯನ್ನು,ಖುಷಿಯಿಂದ,ಖುಷಿಗೆ,ಖುಷಿಯಿಂದ,ಖುಷಿಯ,ಖುಷಿಯಲ್ಲಿ,ಖುಷಿಯೇ
ಆಕೃತಿ,ಆಕೃತಿ,ಆಕೃತಿಯನ್ನು,ಆಕೃತಿಯಿಂದ,ಆಕೃತಿಗೆ,ಆಕೃತಿಯಿಂದ,ಆಕೃತಿಯ,ಆಕೃತಿಯಲ್ಲಿ,ಆಕೃತಿಯೇ
ವೇಗ,ವೇಗ,ವೇಗವನ್ನು,ವೇಗದಿಂದ,ವೇಗಕ್ಕೆ,ವೇಗದಿಂದ,ವೇಗದ,ವೇಗದಲ್ಲಿ,ವೇಗವೇ
ಬೆಳಕು,ಬೆಳಕು,ಬೆಳಕನ್ನು,ಬೆಳಕಿನಿಂದ,ಬೆಳಕಿಗೆ,ಬೆಳಕಿನಿಂದ,ಬೆಳಕಿನ,ಬೆಳಕಿನಲ್ಲಿ,ಬೆಳಕೇ
ಪರಂಪರೆ,ಪರಂಪರೆ,ಪರಂಪರೆಯನ್ನು,ಪರಂಪರೆಯಿಂದ,ಪರಂಪರೆಗೆ,ಪರಂಪರೆಯಿಂದ,ಪರಂಪರೆಯ,ಪರಂಪರೆಯಲ್ಲಿ,ಪರಂಪರೆಯೇ
ಸಂಶೋಧಕಿ,ಸಂಶೋಧಕಿ,ಸಂಶೋಧಕಿಯನ್ನು,ಸಂಶೋಧಕಿಯಿಂದ,ಸಂಶೋಧಕಿಗೆ,ಸಂಶೋಧಕಿಯಿಂದ,ಸಂಶೋಧಕಿಯ,ಸಂಶೋಧಕಿಯಲ್ಲಿ,ಸಂಶೋಧಕಿಯೇ
ದಿನಚರಿ,ದಿನಚರಿ,ದಿನಚರಿಯನ್ನು,ದಿನಚರಿಯಿಂದ,ದಿನಚರಿಗೆ,ದಿನಚರಿಯಿಂದ,ದಿನಚರಿಯ,ದಿನಚರಿಯಲ್ಲಿ,ದಿನಚರಿಯೇ
ಉಪಸ್ಥಿತಿ,ಉಪಸ್ಥಿತಿ,ಉಪಸ್ಥಿತಿಯನ್ನು,ಉಪಸ್ಥಿತಿಯಿಂದ,ಉಪಸ್ಥಿತಿಗೆ,ಉಪಸ್ಥಿತಿಯಿಂದ,ಉಪಸ್ಥಿತಿಯ,ಉಪಸ್ಥಿತಿಯಲ್ಲಿ,ಉಪಸ್ಥಿತಿಯೇ
ಶ್ರದ್ಧೆ,ಶ್ರದ್ಧೆ,ಶ್ರದ್ಧೆಯನ್ನು,ಶ್ರದ್ಧೆಯಿಂದ,ಶ್ರದ್ಧೆಗೆ,ಶ್ರದ್ಧೆಯಿಂದ,ಶ್ರದ್ಧೆಯ,ಶ್ರದ್ಧೆಯಲ್ಲಿ,ಶ್ರದ್ಧೆಯೇ
ನೃತ್ಯಗಾತಿ,ನೃತ್ಯಗಾತಿ,ನೃತ್ಯಗಾತಿಯನ್ನು,ನೃತ್ಯಗಾತಿಯಿಂದ,ನೃತ್ಯಗಾತಿಗೆ,ನೃತ್ಯಗಾತಿಯಿಂದ,ನೃತ್ಯಗಾತಿಯ,ನೃತ್ಯಗಾತಿಯಲ್ಲಿ,ನೃತ್ಯಗಾತಿಯೇ
ಚರ್ಚೆ,ಚರ್ಚೆ,ಚರ್ಚೆಯನ್ನು,ಚರ್ಚೆಯಿಂದ,ಚರ್ಚೆಗೆ,ಚರ್ಚೆಯಿಂದ,ಚರ್ಚೆಯ,ಚರ್ಚೆಯಲ್ಲಿ,ಚರ್ಚೆಯೇ
ಸಂಪಾದಕಿ,ಸಂಪಾದಕಿ,ಸಂಪಾದಕಿಯನ್ನು,ಸಂಪಾದಕಿಯಿಂದ,ಸಂಪಾದಕಿಗೆ,ಸಂಪಾದಕಿಯಿಂದ,ಸಂಪಾದಕಿಯ,ಸಂಪಾದಕಿಯಲ್ಲಿ,ಸಂಪಾದಕಿಯೇ
ಪದ್ಧತಿ,ಪದ್ಧತಿ,ಪದ್ಧತಿಯನ್ನು,ಪದ್ಧತಿಯಿಂದ,ಪದ್ಧತಿಗೆ,ಪದ್ಧತಿಯಿಂದ,ಪದ್ಧತಿಯ,ಪದ್ಧತಿಯಲ್ಲಿ,ಪದ್ಧತಿಯೇ
ಗಣಕಿ,ಗಣಕಿ,ಗಣಕಿಯನ್ನು,ಗಣಕಿಯಿಂದ,ಗಣಕಿಗೆ,ಗಣಕಿಯಿಂದ,ಗಣಕಿಯ,ಗಣಕಿಯಲ್ಲಿ,ಗಣಕಿಯೇ
ಸಂಪತ್ತು,ಸಂಪತ್ತು,ಸಂಪತ್ತನ್ನು,ಸಂಪತ್ತಿನಿಂದ,ಸಂಪತ್ತಿಗೆ,ಸಂಪತ್ತಿನಿಂದ,ಸಂಪತ್ತಿನ,ಸಂಪತ್ತಿನಲ್ಲಿ,ಸಂಪತ್ತೇ
ಪ್ರತಿಭೆ,ಪ್ರತಿಭೆ,ಪ್ರತಿಭೆಯನ್ನು,ಪ್ರತಿಭೆಯಿಂದ,ಪ್ರತಿಭೆಗೆ,ಪ್ರತಿಭೆಯಿಂದ,ಪ್ರತಿಭೆಯ,ಪ್ರತಿಭೆಯಲ್ಲಿ,ಪ್ರತಿಭೆಯೇ
ಮಿತಿ,ಮಿತಿ,ಮಿತಿಯನ್ನು,ಮಿತಿಯಿಂದ,ಮಿತಿಗೆ,ಮಿತಿಯಿಂದ,ಮಿತಿಯ,ಮಿತಿಯಲ್ಲಿ,ಮಿತಿಯೇ
ಗಡಿ,ಗಡಿ,ಗಡಿಯನ್ನು,ಗಡಿಯಿಂದ,ಗಡಿಗೆ,ಗಡಿಯಿಂದ,ಗಡಿಯ,ಗಡಿಯಲ್ಲಿ,ಗಡಿಯೇ
ಆಸ್ತಿ,ಆಸ್ತಿ,ಆಸ್ತಿಯನ್ನು,ಆಸ್ತಿಯಿಂದ,ಆಸ್ತಿಗೆ,ಆಸ್ತಿಯಿಂದ,ಆಸ್ತಿಯ,ಆಸ್ತಿಯಲ್ಲಿ,ಆಸ್ತಿಯೇ
ನಂಬಿಕೆ,ನಂಬಿಕೆ,ನಂಬಿಕೆಯನ್ನು,ನಂಬಿಕೆಯಿಂದ,ನಂಬಿಕೆಗೆ,ನಂಬಿಕೆಯಿಂದ,ನಂಬಿಕೆಯ,ನಂಬಿಕೆಯಲ್ಲಿ,ನಂಬಿಕೆಯೇ
ದೃಷ್ಟಿ,ದೃಷ್ಟಿ,ದೃಷ್ಟಿಯನ್ನು,ದೃಷ್ಟಿಯಿಂದ,ದೃಷ್ಟಿಗೆ,ದೃಷ್ಟಿಯಿಂದ,ದೃಷ್ಟಿಯ,ದೃಷ್ಟಿಯಲ್ಲಿ,ದೃಷ್ಟಿಯೇ
ಪ್ರಾರ್ಥನೆ,ಪ್ರಾರ್ಥನೆ,ಪ್ರಾರ್ಥನೆಯನ್ನು,ಪ್ರಾರ್ಥನೆಯಿಂದ,ಪ್ರಾರ್ಥನೆಗೆ,ಪ್ರಾರ್ಥನೆಯಿಂದ,ಪ್ರಾರ್ಥನೆಯ,ಪ್ರಾರ್ಥನೆಯಲ್ಲಿ,ಪ್ರಾರ್ಥನೆಯೇ
ಬಾಧೆ,ಬಾಧೆ,ಬಾಧೆಯನ್ನು,ಬಾಧೆಯಿಂದ,ಬಾಧೆಗೆ,ಬಾಧೆಯಿಂದ,ಬಾಧೆಯ,ಬಾಧೆಯಲ್ಲಿ,ಬಾಧೆಯೇ
ಘಟನೆ,ಘಟನೆ,ಘಟನೆಯನ್ನು,ಘಟನೆಯಿಂದ,ಘಟನೆಗೆ,ಘಟನೆಯಿಂದ,ಘಟನೆಯ,ಘಟನೆಯಲ್ಲಿ,ಘಟನೆಯೇ
ಜವಾಬ್ದಾರಿ,ಜವಾಬ್ದಾರಿ,ಜವಾಬ್ದಾರಿಯನ್ನು,ಜವಾಬ್ದಾರಿಯಿಂದ,ಜವಾಬ್ದಾರಿಗೆ,ಜವಾಬ್ದಾರಿಯಿಂದ,ಜವಾಬ್ದಾರಿಯ,ಜವಾಬ್ದಾರಿಯಲ್ಲಿ,ಜವಾಬ್ದಾರಿಯೇ
ಶುಭ್ರತೆ,ಶುಭ್ರತೆ,ಶುಭ್ರತೆಯನ್ನು,ಶುಭ್ರತೆಯಿಂದ,ಶುಭ್ರತೆಗೆ,ಶುಭ್ರತೆಯಿಂದ,ಶುಭ್ರತೆಯ,ಶುಭ್ರತೆಯಲ್ಲಿ,ಶುಭ್ರತೆಯೇ
ಚಲನಶೀಲತೆ,ಚಲನಶೀಲತೆ,ಚಲನಶೀಲತೆಯನ್ನು,ಚಲನಶೀಲತೆಯಿಂದ,ಚಲನಶೀಲತೆಗೆ,ಚಲನಶೀಲತೆಯಿಂದ,ಚಲನಶೀಲತೆಯ,ಚಲನಶೀಲತೆಯಲ್ಲಿ,ಚಲನಶೀಲತೆಯೇ
ಕೈಪಿಡಿ,ಕೈಪಿಡಿ,ಕೈಪಿಡಿಯನ್ನು,ಕೈಪಿಡಿಯಿಂದ,ಕೈಪಿಡಿಗೆ,ಕೈಪಿಡಿಯಿಂದ,ಕೈಪಿಡಿಯ,ಕೈಪಿಡಿಯಲ್ಲಿ,ಕೈಪಿಡಿಯೇ
ಅಭಿಪ್ರಾಯ,ಅಭಿಪ್ರಾಯ,ಅಭಿಪ್ರಾಯವನ್ನು,ಅಭಿಪ್ರಾಯದಿಂದ,ಅಭಿಪ್ರಾಯಕ್ಕೆ,ಅಭಿಪ್ರಾಯದಿಂದ,ಅಭಿಪ್ರಾಯದ,ಅಭಿಪ್ರಾಯದಲ್ಲಿ,ಅಭಿಪ್ರಾಯವೇ
ಪ್ರಾಮಾಣಿಕತೆ,ಪ್ರಾಮಾಣಿಕತೆ,ಪ್ರಾಮಾಣಿಕತೆಯನ್ನು,ಪ್ರಾಮಾಣಿಕತೆಯಿಂದ,ಪ್ರಾಮಾಣಿಕತೆಗೆ,ಪ್ರಾಮಾಣಿಕತೆಯಿಂದ,ಪ್ರಾಮಾಣಿಕತೆಯ,ಪ್ರಾಮಾಣಿಕತೆಯಲ್ಲಿ,ಪ್ರಾಮಾಣಿಕತೆಯೇ
ವಿಶ್ರಾಂತಿ,ವಿಶ್ರಾಂತಿ,ವಿಶ್ರಾಂತಿಯನ್ನು,ವಿಶ್ರಾಂತಿಯಿಂದ,ವಿಶ್ರಾಂತಿಗೆ,ವಿಶ್ರಾಂತಿಯಿಂದ,ವಿಶ್ರಾಂತಿಯ,ವಿಶ್ರಾಂತಿಯಲ್ಲಿ,ವಿಶ್ರಾಂತಿಯೇ
ತೇರ್ಗಡೆ,ತೇರ್ಗಡೆ,ತೇರ್ಗಡೆಯನ್ನು,ತೇರ್ಗಡೆಯಿಂದ,ತೇರ್ಗಡೆಗೆ,ತೇರ್ಗಡೆಯಿಂದ,ತೇರ್ಗಡೆಯ,ತೇರ್ಗಡೆಯಲ್ಲಿ,ತೇರ್ಗಡೆಯೇ
ಬೀದಿ,ಬೀದಿ,ಬೀದಿಯನ್ನು,ಬೀದಿಯಿಂದ,ಬೀದಿಗೆ,ಬೀದಿಯಿಂದ,ಬೀದಿಯ,ಬೀದಿಯಲ್ಲಿ,ಬೀದಿಯೇ
ಸಂಖ್ಯೆ,ಸಂಖ್ಯೆ,ಸಂಖ್ಯೆಯನ್ನು,ಸಂಖ್ಯೆಯಿಂದ,ಸಂಖ್ಯೆಗೆ,ಸಂಖ್ಯೆಯಿಂದ,ಸಂಖ್ಯೆಯ,ಸಂಖ್ಯೆಯಲ್ಲಿ,ಸಂಖ್ಯೆಯೇ
ಭದ್ರತೆ,ಭದ್ರತೆ,ಭದ್ರತೆಯನ್ನು,ಭದ್ರತೆಯಿಂದ,ಭದ್ರತೆಗೆ,ಭದ್ರತೆಯಿಂದ,ಭದ್ರತೆಯ,ಭದ್ರತೆಯಲ್ಲಿ,ಭದ್ರತೆಯೇ
ಅಡೆತಡೆ,ಅಡೆತಡೆ,ಅಡೆತಡೆಯನ್ನು,ಅಡೆತಡೆಯಿಂದ,ಅಡೆತಡೆಗೆ,ಅಡೆತಡೆಯಿಂದ,ಅಡೆತಡೆಯ,ಅಡೆತಡೆಯಲ್ಲಿ,ಅಡೆತಡೆಯೇ
ಸ್ವಯಂಸೇವಕಿ,ಸ್ವಯಂಸೇವಕಿ,ಸ್ವಯಂಸೇವಕಿಯನ್ನು,ಸ್ವಯಂಸೇವಕಿಯಿಂದ,ಸ್ವಯಂಸೇವಕಿಗೆ,ಸ್ವಯಂಸೇವಕಿಯಿಂದ,ಸ್ವಯಂಸೇವಕಿಯ,ಸ್ವಯಂಸೇವಕಿಯಲ್ಲಿ,ಸ್ವಯಂಸೇವಕಿಯೇ
ವಾಹಿನಿ,ವಾಹಿನಿ,ವಾಹಿನಿಯನ್ನು,ವಾಹಿನಿಯಿಂದ,ವಾಹಿನಿಗೆ,ವಾಹಿನಿಯಿಂದ,ವಾಹಿನಿಯ,ವಾಹಿನಿಯಲ್ಲಿ,ವಾಹಿನಿಯೇ
ದಾಖಲೆ,ದಾಖಲೆ,ದಾಖಲೆಯನ್ನು,ದಾಖಲೆಯಿಂದ,ದಾಖಲೆಗೆ,ದಾಖಲೆಯಿಂದ,ದಾಖಲೆಯ,ದಾಖಲೆಯಲ್ಲಿ,ದಾಖಲೆಯೇ
ವಿದ್ಯೆ,ವಿದ್ಯೆ,ವಿದ್ಯೆಯನ್ನು,ವಿದ್ಯೆಯಿಂದ,ವಿದ್ಯೆಗೆ,ವಿದ್ಯೆಯಿಂದ,ವಿದ್ಯೆಯ,ವಿದ್ಯೆಯಲ್ಲಿ,ವಿದ್ಯೆಯೇ
ಮೂರ್ತಿ,ಮೂರ್ತಿ,ಮೂರ್ತಿಯನ್ನು,ಮೂರ್ತಿಯಿಂದ,ಮೂರ್ತಿಗೆ,ಮೂರ್ತಿಯಿಂದ,ಮೂರ್ತಿಯ,ಮೂರ್ತಿಯಲ್ಲಿ,ಮೂರ್ತಿಯೇ
ಪ್ರತಿಕ್ರಿಯೆ,ಪ್ರತಿಕ್ರಿಯೆ,ಪ್ರತಿಕ್ರಿಯೆಯನ್ನು,ಪ್ರತಿಕ್ರಿಯೆಯಿಂದ,ಪ್ರತಿಕ್ರಿಯೆಗೆ,ಪ್ರತಿಕ್ರಿಯೆಯಿಂದ,ಪ್ರತಿಕ್ರಿಯೆಯ,ಪ್ರತಿಕ್ರಿಯೆಯಲ್ಲಿ,ಪ್ರತಿಕ್ರಿಯೆಯೇ
ಸಹಕಾರ,ಸಹಕಾರ,ಸಹಕಾರವನ್ನು,ಸಹಕಾರದಿಂದ,ಸಹಕಾರಕ್ಕೆ,ಸಹಕಾರದಿಂದ,ಸಹಕಾರದ,ಸಹಕಾರದಲ್ಲಿ,ಸಹಕಾರವೇ
ಸಂಕೀರ್ಣತೆ,ಸಂಕೀರ್ಣತೆ,ಸಂಕೀರ್ಣತೆಯನ್ನು,ಸಂಕೀರ್ಣತೆಯಿಂದ,ಸಂಕೀರ್ಣತೆಗೆ,ಸಂಕೀರ್ಣತೆಯಿಂದ,ಸಂಕೀರ್ಣತೆಯ,ಸಂಕೀರ್ಣತೆಯಲ್ಲಿ,ಸಂಕೀರ್ಣತೆಯೇ
ದಿನಾಂಕ,ದಿನಾಂಕ,ದಿನಾಂಕವನ್ನು,ದಿನಾಂಕದಿಂದ,ದಿನಾಂಕಕ್ಕೆ,ದಿನಾಂಕದಿಂದ,ದಿನಾಂಕದ,ದಿನಾಂಕದಲ್ಲಿ,ದಿನಾಂಕವೇ
ವಿದ್ಯುತ್,ವಿದ್ಯುತ್,ವಿದ್ಯುತ್ತನ್ನು,ವಿದ್ಯುತ್ತಿನಿಂದ,ವಿದ್ಯುತ್ತಿಗೆ,ವಿದ್ಯುತ್ತಿನಿಂದ,ವಿದ್ಯುತ್ತಿನ,ವಿದ್ಯುತ್ತಿನಲ್ಲಿ,ವಿದ್ಯುತ್ತೇ
ಕಲಾಕೃತಿ,ಕಲಾಕೃತಿ,ಕಲಾಕೃತಿಯನ್ನು,ಕಲಾಕೃತಿಯಿಂದ,ಕಲಾಕೃತಿಗೆ,ಕಲಾಕೃತಿಯಿಂದ,ಕಲಾಕೃತಿಯ,ಕಲಾಕೃತಿಯಲ್ಲಿ,ಕಲಾಕೃತಿಯೇ
ಯಾತನೆ,ಯಾತನೆ,ಯಾತನೆಯನ್ನು,ಯಾತನೆಯಿಂದ,ಯಾತನೆಗೆ,ಯಾತನೆಯಿಂದ,ಯಾತನೆಯ,ಯಾತನೆಯಲ್ಲಿ,ಯಾತನೆಯೇ
ಸಾಧನೆ,ಸಾಧನೆ,ಸಾಧನೆಯನ್ನು,ಸಾಧನೆಯಿಂದ,ಸಾಧನೆಗೆ,ಸಾಧನೆಯಿಂದ,ಸಾಧನೆಯ,ಸಾಧನೆಯಲ್ಲಿ,ಸಾಧನೆಯೇ
ಕಛೇರಿ,ಕಛೇರಿ,ಕಛೇರಿಯನ್ನು,ಕಛೇರಿಯಿಂದ,ಕಛೇರಿಗೆ,ಕಛೇರಿಯಿಂದ,ಕಛೇರಿಯ,ಕಛೇರಿಯಲ್ಲಿ,ಕಛೇರಿಯೇ
ಸುವರ್ಣ,ಸುವರ್ಣ,ಸುವರ್ಣವನ್ನು,ಸುವರ್ಣದಿಂದ,ಸುವರ್ಣಕ್ಕೆ,ಸುವರ್ಣದಿಂದ,ಸುವರ್ಣದ,ಸುವರ್ಣದಲ್ಲಿ,ಸುವರ್ಣವೇ
ರಕ್ಷಣೆ,ರಕ್ಷಣೆ,ರಕ್ಷಣೆಯನ್ನು,ರಕ್ಷಣೆಯಿಂದ,ರಕ್ಷಣೆಗೆ,ರಕ್ಷಣೆಯಿಂದ,ರಕ್ಷಣೆಯ,ರಕ್ಷಣೆಯಲ್ಲಿ,ರಕ್ಷಣೆಯೇ
ಕಲಾವಿದೆ,ಕಲಾವಿದೆ,ಕಲಾವಿದೆಯನ್ನು,ಕಲಾವಿದೆಯಿಂದ,ಕಲಾವಿದೆಗೆ,ಕಲಾವಿದೆಯಿಂದ,ಕಲಾವಿದೆಯ,ಕಲಾವಿದೆಯಲ್ಲಿ,ಕಲಾವಿದೆಯೇ
ಕಾರ್ಯದರ್ಶಿ,ಕಾರ್ಯದರ್ಶಿ,ಕಾರ್ಯದರ್ಶಿಯನ್ನು,ಕಾರ್ಯದರ್ಶಿಯಿಂದ,ಕಾರ್ಯದರ್ಶಿಗೆ,ಕಾರ್ಯದರ್ಶಿಯಿಂದ,ಕಾರ್ಯದರ್ಶಿಯ,ಕಾರ್ಯದರ್ಶಿಯಲ್ಲಿ,ಕಾರ್ಯದರ್ಶಿಯೇ
ಪಾಲಕಿ,ಪಾಲಕಿ,ಪಾಲಕಿಯನ್ನು,ಪಾಲಕಿಯಿಂದ,ಪಾಲಕಿಗೆ,ಪಾಲಕಿಯಿಂದ,ಪಾಲಕಿಯ,ಪಾಲಕಿಯಲ್ಲಿ,ಪಾಲಕಿಯೇ
ಪೂರ್ವಿಕಿ,ಪೂರ್ವಿಕಿ,ಪೂರ್ವಿಕಿಯನ್ನು,ಪೂರ್ವಿಕಿಯಿಂದ,ಪೂರ್ವಿಕಿಗೆ,ಪೂರ್ವಿಕಿಯಿಂದ,ಪೂರ್ವಿಕಿಯ,ಪೂರ್ವಿಕಿಯಲ್ಲಿ,ಪೂರ್ವಿಕಿಯೇ
ಅಧ್ಯಾಪಕಿ,ಅಧ್ಯಾಪಕಿ,ಅಧ್ಯಾಪಕಿಯನ್ನು,ಅಧ್ಯಾಪಕಿಯಿಂದ,ಅಧ್ಯಾಪಕಿಗೆ,ಅಧ್ಯಾಪಕಿಯಿಂದ,ಅಧ್ಯಾಪಕಿಯ,ಅಧ್ಯಾಪಕಿಯಲ್ಲಿ,ಅಧ್ಯಾಪಕಿಯೇ
ಸಮೂಹ,ಸಮೂಹ,ಸಮೂಹವನ್ನು,ಸಮೂಹದಿಂದ,ಸಮೂಹಕ್ಕೆ,ಸಮೂಹದಿಂದ,ಸಮೂಹದ,ಸಮೂಹದಲ್ಲಿ,ಸಮೂಹವೇ
ಕೋಟೆ,ಕೋಟೆ,ಕೋಟೆಯನ್ನು,ಕೋಟೆಯಿಂದ,ಕೋಟೆಗೆ,ಕೋಟೆಯಿಂದ,ಕೋಟೆಯ,ಕೋಟೆಯಲ್ಲಿ,ಕೋಟೆಯೇ
ಯಾತ್ರೆ,ಯಾತ್ರೆ,ಯಾತ್ರೆಯನ್ನು,ಯಾತ್ರೆಯಿಂದ,ಯಾತ್ರೆಗೆ,ಯಾತ್ರೆಯಿಂದ,ಯಾತ್ರೆಯ,ಯಾತ್ರೆಯಲ್ಲಿ,ಯಾತ್ರೆಯೇ
ಉಡುಗೊರೆ,ಉಡುಗೊರೆ,ಉಡುಗೊರೆಯನ್ನು,ಉಡುಗೊರೆಯಿಂದ,ಉಡುಗೊರೆಗೆ,ಉಡುಗೊರೆಯಿಂದ,ಉಡುಗೊರೆಯ,ಉಡುಗೊರೆಯಲ್ಲಿ,ಉಡುಗೊರೆಯೇ
ಪರಿಣಾಮ,ಪರಿಣಾಮ,ಪರಿಣಾಮವನ್ನು,ಪರಿಣಾಮದಿಂದ,ಪರಿಣಾಮಕ್ಕೆ,ಪರಿಣಾಮದಿಂದ,ಪರಿಣಾಮದ,ಪರಿಣಾಮದಲ್ಲಿ,ಪರಿಣಾಮವೇ
ವಿಶ್ವಾಸ,ವಿಶ್ವಾಸ,ವಿಶ್ವಾಸವನ್ನು,ವಿಶ್ವಾಸದಿಂದ,ವಿಶ್ವಾಸಕ್ಕೆ,ವಿಶ್ವಾಸದಿಂದ,ವಿಶ್ವಾಸದ,ವಿಶ್ವಾಸದಲ್ಲಿ,ವಿಶ್ವಾಸವೇ
ಬೀಜ,ಬೀಜ,ಬೀಜವನ್ನು,ಬೀಜದಿಂದ,ಬೀಜಕ್ಕೆ,ಬೀಜದಿಂದ,ಬೀಜದ,ಬೀಜದಲ್ಲಿ,ಬೀಜವೇ
ಪತ್ರಕರ್ತೆ,ಪತ್ರಕರ್ತೆ,ಪತ್ರಕರ್ತೆಯನ್ನು,ಪತ್ರಕರ್ತೆಯಿಂದ,ಪತ್ರಕರ್ತೆಗೆ,ಪತ್ರಕರ್ತೆಯಿಂದ,ಪತ್ರಕರ್ತೆಯ,ಪತ್ರಕರ್ತೆಯಲ್ಲಿ,ಪತ್ರಕರ್ತೆಯೇ
ಶಿಕ್ಷಣೆ,ಶಿಕ್ಷಣೆ,ಶಿಕ್ಷಣೆಯನ್ನು,ಶಿಕ್ಷಣೆಯಿಂದ,ಶಿಕ್ಷಣೆಗೆ,ಶಿಕ್ಷಣೆಯಿಂದ,ಶಿಕ್ಷಣೆಯ,ಶಿಕ್ಷಣೆಯಲ್ಲಿ,ಶಿಕ್ಷಣೆಯೇ
ಖಾತರಿ,ಖಾತರಿ,ಖಾತ್ರಿಯನ್ನು,ಖಾತ್ರಿಯಿಂದ,ಖಾತ್ರಿಗೆ,ಖಾತ್ರಿಯಿಂದ,ಖಾತ್ರಿಯ,ಖಾತ್ರಿಯಲ್ಲಿ,ಖಾತ್ರಿಯೇ
ಶರತ್ತು,ಶರತ್ತು,ಶರತ್ತನ್ನು,ಶರತ್ತಿನಿಂದ,ಶರತ್ತಿಗೆ,ಶರತ್ತಿನಿಂದ,ಶರತ್ತಿನ,ಶರತ್ತಿನಲ್ಲಿ,ಶರತ್ತೇ
ವ್ಯಾಪ್ತಿ,ವ್ಯಾಪ್ತಿ,ವ್ಯಾಪ್ತಿಯನ್ನು,ವ್ಯಾಪ್ತಿಯಿಂದ,ವ್ಯಾಪ್ತಿಗೆ,ವ್ಯಾಪ್ತಿಯಿಂದ,ವ್ಯಾಪ್ತಿಯ,ವ್ಯಾಪ್ತಿಯಲ್ಲಿ,ವ್ಯಾಪ್ತಿಯೇ
ಸಮಿತೆ,ಸಮಿತೆ,ಸಮಿತೆಯನ್ನು,ಸಮಿತೆಯಿಂದ,ಸಮಿತೆಗೆ,ಸಮಿತೆಯಿಂದ,ಸಮಿತೆಯ,ಸಮಿತೆಯಲ್ಲಿ,ಸಮಿತೆಯೇ
ಪರಿಶೀಲಕಿ,ಪರಿಶೀಲಕಿ,ಪರಿಶೀಲಕಿಯನ್ನು,ಪರಿಶೀಲಕಿಯಿಂದ,ಪರಿಶೀಲಕಿಗೆ,ಪರಿಶೀಲಕಿಯಿಂದ,ಪರಿಶೀಲಕಿಯ,ಪರಿಶೀಲಕಿಯಲ್ಲಿ,ಪರಿಶೀಲಕಿಯೇ
ನಿಬಂಧನೆ,ನಿಬಂಧನೆ,ನಿಬಂಧನೆಯನ್ನು,ನಿಬಂಧನೆಯಿಂದ,ನಿಬಂಧನೆಗೆ,ನಿಬಂಧನೆಯಿಂದ,ನಿಬಂಧನೆಯ,ನಿಬಂಧನೆಯಲ್ಲಿ,ನಿಬಂಧನೆಯೇ
ಗಣಿತಜ್ಞೆ,ಗಣಿತಜ್ಞೆ,ಗಣಿತಜ್ಞೆಯನ್ನು,ಗಣಿತಜ್ಞೆಯಿಂದ,ಗಣಿತಜ್ಞೆಗೆ,ಗಣಿತಜ್ಞೆಯಿಂದ,ಗಣಿತಜ್ಞೆಯ,ಗಣಿತಜ್ಞೆಯಲ್ಲಿ,ಗಣಿತಜ್ಞೆಯೇ
ದಿವ್ಯತೆ,ದಿವ್ಯತೆ,ದಿವ್ಯತೆಯನ್ನು,ದಿವ್ಯತೆಯಿಂದ,ದಿವ್ಯತೆಗೆ,ದಿವ್ಯತೆಯಿಂದ,ದಿವ್ಯತೆಯ,ದಿವ್ಯತೆಯಲ್ಲಿ,ದಿವ್ಯತೆಯೇ
ಅವಶ್ಯಕತೆ,ಅವಶ್ಯಕತೆ,ಅವಶ್ಯಕತೆಯನ್ನು,ಅವಶ್ಯಕತೆಯಿಂದ,ಅವಶ್ಯಕತೆಗೆ,ಅವಶ್ಯಕತೆಯಿಂದ,ಅವಶ್ಯಕತೆಯ,ಅವಶ್ಯಕತೆಯಲ್ಲಿ,ಅವಶ್ಯಕತೆಯೇ
ಅಗತ್ಯತೆ,ಅಗತ್ಯತೆ,ಅಗತ್ಯತೆಯನ್ನು,ಅಗತ್ಯತೆಯಿಂದ,ಅಗತ್ಯತೆಗೆ,ಅಗತ್ಯತೆಯಿಂದ,ಅಗತ್ಯತೆಯ,ಅಗತ್ಯತೆಯಲ್ಲಿ,ಅಗತ್ಯತೆಯೇ
ಕಲ್ಲು,ಕಲ್ಲು,ಕಲ್ಲನ್ನು,ಕಲ್ಲಿನಿಂದ,ಕಲ್ಲಿಗೆ,ಕಲ್ಲಿನಿಂದ,ಕಲ್ಲಿನ,ಕಲ್ಲಿನಲ್ಲಿ,ಕಲ್ಲೇ
ಕುಟುಂಬ,ಕುಟುಂಬ,ಕುಟುಂಬವನ್ನು,ಕುಟುಂಬದಿಂದ,ಕುಟುಂಬಕ್ಕೆ,ಕುಟುಂಬದಿಂದ,ಕುಟುಂಬದ,ಕುಟುಂಬದಲ್ಲಿ,ಕುಟುಂಬವೇ
ಪಡೆ,ಪಡೆ,ಪಡೆಯನ್ನು,ಪಡೆಯಿಂದ,ಪಡೆಗೆ,ಪಡೆಯಿಂದ,ಪಡೆಯ,ಪಡೆಯಲಿ,ಪಡೆಯೇ
ಯುವತಿ,ಯುವತಿ,ಯುವತಿಯನ್ನು,ಯುವತಿಯಿಂದ,ಯುವತಿಗೆ,ಯುವತಿಯಿಂದ,ಯುವತಿಯ,ಯುವತಿಯಲ್ಲಿ,ಯುವತಿಯೇ
ಶ್ರೇಯಾ,ಶ್ರೇಯಾ,ಶ್ರೇಯಾಳನ್ನು,ಶ್ರೇಯಾಳಿಂದ,ಶ್ರೇಯಾಳಿಗೆ,ಶ್ರೇಯಾಳಿಂದ,ಶ್ರೇಯಾಳ,ಶ್ರೇಯಾಳಲ್ಲಿ,ಶ್ರೇಯಾಳೇ
ಪಾವತಿ,ಪಾವತಿ,ಪಾವತಿಯನ್ನು,ಪಾವತಿಯಿಂದ,ಪಾವತಿಗೆ,ಪಾವತಿಯಿಂದ,ಪಾವತಿಯ,ಪಾವತಿಯಲ್ಲಿ,ಪಾವತಿಯೇ
ಅಂಗಡಿ,ಅಂಗಡಿ,ಅಂಗಡಿಯನ್ನು,ಅಂಗಡಿಯಿಂದ,ಅಂಗಡಿಗೆ,ಅಂಗಡಿಯಿಂದ,ಅಂಗಡಿಯ,ಅಂಗಡಿಯಲ್ಲಿ,ಅಂಗಡಿಯೇ
ಭೋಜನ,ಭೋಜನ,ಭೋಜನವನ್ನು,ಭೋಜನದಿಂದ,ಭೋಜನಕ್ಕೆ,ಭೋಜನದಿಂದ,ಭೋಜನದ,ಭೋಜನದಲ್ಲಿ,ಭೋಜನವೇ
ಸಂಗೀತ,ಸಂಗೀತ,ಸಂಗೀತವನ್ನು,ಸಂಗೀತದಿಂದ,ಸಂಗೀತಕ್ಕೆ,ಸಂಗೀತದಿಂದ,ಸಂಗೀತದ,ಸಂಗೀತದಲ್ಲಿ,ಸಂಗೀತವೇ
ಸ್ವಪ್ನ,ಸ್ವಪ್ನ,ಸ್ವಪ್ನವನ್ನು,ಸ್ವಪ್ನದಿಂದ,ಸ್ವಪ್ನಕ್ಕೆ,ಸ್ವಪ್ನದಿಂದ,ಸ್ವಪ್ನದ,ಸ್ವಪ್ನದಲ್ಲಿ,ಸ್ವಪ್ನವೇ
ಸಂತೆ,ಸಂತೆ,ಸಂತೆಯನ್ನು,ಸಂತೆಯಿಂದ,ಸಂತೆಗೆ,ಸಂತೆಯಿಂದ,ಸಂತೆಯ,ಸಂತೆಯಲ್ಲಿ,ಸಂತೆಯೇ
ಶಾಲಾ,ಶಾಲಾ,ಶಾಲೆಯನ್ನು,ಶಾಲೆಯಿಂದ,ಶಾಲೆಗೆ,ಶಾಲೆಯಿಂದ,ಶಾಲೆಯ,ಶಾಲೆಯಲ್ಲಿ,ಶಾಲೆಯೇ
ಇತಿಹಾಸ,ಇತಿಹಾಸ,ಇತಿಹಾಸವನ್ನು,ಇತಿಹಾಸದಿಂದ,ಇತಿಹಾಸಕ್ಕೆ,ಇತಿಹಾಸದಿಂದ,ಇತಿಹಾಸದ,ಇತಿಹಾಸದಲ್ಲಿ,ಇತಿಹಾಸವೇ
ಮಿಂಚು,ಮಿಂಚು,ಮಿಂಚನ್ನು,ಮಿಂಚಿನಿಂದ,ಮಿಂಚಿಗೆ,ಮಿಂಚಿನಿಂದ,ಮಿಂಚಿನ,ಮಿಂಚಿನಲ್ಲಿ,ಮಿಂಚೇ
ಶನಿ,ಶನಿ,ಶನಿಯನ್ನು,ಶನಿಯಿಂದ,ಶನಿಗೆ,ಶನಿಯಿಂದ,ಶನಿಯ,ಶನಿಯಲ್ಲಿ,ಶನಿಯೇ
ಆರೋಗ್ಯ,ಆರೋಗ್ಯ,ಆರೋಗ್ಯವನ್ನು,ಆರೋಗ್ಯದಿಂದ,ಆರೋಗ್ಯಕ್ಕೆ,ಆರೋಗ್ಯದಿಂದ,ಆರೋಗ್ಯದ,ಆರೋಗ್ಯದಲ್ಲಿ,ಆರೋಗ್ಯವೇ
ಕರ್ತವ್ಯ,ಕರ್ತವ್ಯ,ಕರ್ತವ್ಯವನ್ನು,ಕರ್ತವ್ಯದಿಂದ,ಕರ್ತವ್ಯಕ್ಕೆ,ಕರ್ತವ್ಯದಿಂದ,ಕರ್ತವ್ಯದ,ಕರ್ತವ್ಯದಲ್ಲಿ,ಕರ್ತವ್ಯವೇ
ರಾತ್ರಿ,ರಾತ್ರಿ,ರಾತ್ರಿಯನ್ನು,ರಾತ್ರಿಯಿಂದ,ರಾತ್ರಿಗೆ,ರಾತ್ರಿಯಿಂದ,ರಾತ್ರಿಯ,ರಾತ್ರಿಯಲ್ಲಿ,ರಾತ್ರಿಯೇ
ಸಾಧಕಿ,ಸಾಧಕಿ,ಸಾಧಕಿಯನ್ನು,ಸಾಧಕಿಯಿಂದ,ಸಾಧಕಿಗೆ,ಸಾಧಕಿಯಿಂದ,ಸಾಧಕಿಯ,ಸಾಧಕಿಯಲ್ಲಿ,ಸಾಧಕಿಯೇ
ವೇಷ,ವೇಷ,ವೇಷವನ್ನು,ವೇಷದಿಂದ,ವೇಷಕ್ಕೆ,ವೇಷದಿಂದ,ವೇಷದ,ವೇಷದಲ್ಲಿ,ವೇಷವೇ
ಸೌಂದರ್ಯ,ಸೌಂದರ್ಯ,ಸೌಂದರ್ಯವನ್ನು,ಸೌಂದರ್ಯದಿಂದ,ಸೌಂದರ್ಯಕ್ಕೆ,ಸೌಂದರ್ಯದಿಂದ,ಸೌಂದರ್ಯದ,ಸೌಂದರ್ಯದಲ್ಲಿ,ಸೌಂದರ್ಯವೇ
ಸಂಚಿಕೆ,ಸಂಚಿಕೆ,ಸಂಚಿಕೆಯನ್ನು,ಸಂಚಿಕೆಯಿಂದ,ಸಂಚಿಕೆಗೆ,ಸಂಚಿಕೆಯಿಂದ,ಸಂಚಿಕೆಯ,ಸಂಚಿಕೆಯಲ್ಲಿ,ಸಂಚಿಕೆಯೇ
ಮಾರ್ಗ,ಮಾರ್ಗ,ಮಾರ್ಗವನ್ನು,ಮಾರ್ಗದಿಂದ,ಮಾರ್ಗಕ್ಕೆ,ಮಾರ್ಗದಿಂದ,ಮಾರ್ಗದ,ಮಾರ್ಗದಲ್ಲಿ,ಮಾರ್ಗವೇ
ಮಟ್ಟ,ಮಟ್ಟ,ಮಟ್ಟವನ್ನು,ಮಟ್ಟದಿಂದ,ಮಟ್ಟಕ್ಕೆ,ಮಟ್ಟದಿಂದ,ಮಟ್ಟದ,ಮಟ್ಟದಲ್ಲಿ,ಮಟ್ಟವೇ
ಕಂಪನಿ,ಕಂಪನಿ,ಕಂಪನಿಯನ್ನು,ಕಂಪನಿಯಿಂದ,ಕಂಪನಿಗೆ,ಕಂಪನಿಯಿಂದ,ಕಂಪನಿಯ,ಕಂಪನಿಯಲ್ಲಿ,ಕಂಪನಿಯೇ
ಸಾರಿಗೆ,ಸಾರಿಗೆ,ಸಾರಿಗೆಯನ್ನು,ಸಾರಿಗೆಯಿಂದ,ಸಾರಿಗೆಗೆ,ಸಾರಿಗೆಯಿಂದ,ಸಾರಿಗೆಯ,ಸಾರಿಗೆಯಲ್ಲಿ,ಸಾರಿಗೆಯೇ
ಖರ್ಚು,ಖರ್ಚು,ಖರ್ಚನ್ನು,ಖರ್ಚಿನಿಂದ,ಖರ್ಚಿಗೆ,ಖರ್ಚಿನಿಂದ,ಖರ್ಚಿನ,ಖರ್ಚಿನಲ್ಲಿ,ಖರ್ಚೇ
ಸಾಲ,ಸಾಲ,ಸಾಲವನ್ನು,ಸಾಲದಿಂದ,ಸಾಲಕ್ಕೆ,ಸಾಲದಿಂದ,ಸಾಲದ,ಸಾಲದಲ್ಲಿ,ಸಾಲವೇ
ನೀತಿ,ನೀತಿ,ನೀತಿಯನ್ನು,ನೀತಿಯಿಂದ,ನೀತಿಗೆ,ನೀತಿಯಿಂದ,ನೀತಿಯ,ನೀತಿಯಲ್ಲಿ,ನೀತಿಯೇ
ಶ್ರಮ,ಶ್ರಮ,ಶ್ರಮವನ್ನು,ಶ್ರಮದಿಂದ,ಶ್ರಮಕ್ಕೆ,ಶ್ರಮದಿಂದ,ಶ್ರಮದ,ಶ್ರಮದಲ್ಲಿ,ಶ್ರಮವೇ
ಕಂಪ್ಯೂಟರ್,ಕಂಪ್ಯೂಟರ್,ಕಂಪ್ಯೂಟರನ್ನು,ಕಂಪ್ಯೂಟರಿನಿಂದ,ಕಂಪ್ಯೂಟರಿಗೆ,ಕಂಪ್ಯೂಟರಿನಿಂದ,ಕಂಪ್ಯೂಟರಿನ,ಕಂಪ್ಯೂಟರಿನಲ್ಲಿ,ಕಂಪ್ಯೂಟರೇ
ಖಾತೆ,ಖಾತೆ,ಖಾತೆಯನ್ನು,ಖಾತೆಯಿಂದ,ಖಾತೆಗೆ,ಖಾತೆಯಿಂದ,ಖಾತೆಯ,ಖಾತೆಯಲ್ಲಿ,ಖಾತೆಯೇ
ಮೇಳ,ಮೇಳ,ಮೇಳವನ್ನು,ಮೇಳದಿಂದ,ಮೇಳಕ್ಕೆ,ಮೇಳದಿಂದ,ಮೇಳದ,ಮೇಳದಲ್ಲಿ,ಮೇಳವೇ
ಮೂಲೆ,ಮೂಲೆ,ಮೂಲೆಯನ್ನು,ಮೂಲೆಯಿಂದ,ಮೂಲೆಗೆ,ಮೂಲೆಯಿಂದ,ಮೂಲೆಯ,ಮೂಲೆಯಲ್ಲಿ,ಮೂಲೆಯೇ
ಉದಾಹರಣೆ,ಉದಾಹರಣೆ,ಉದಾಹರಣೆಯನ್ನು,ಉದಾಹರಣೆಯಿಂದ,ಉದಾಹರಣೆಗೆ,ಉದಾಹರಣೆಯಿಂದ,ಉದಾಹರಣೆಯ,ಉದಾಹರಣೆಯಲ್ಲಿ,ಉದಾಹರಣೆಯೇ
ಬೆಂಬಲ,ಬೆಂಬಲ,ಬೆಂಬಲವನ್ನು,ಬೆಂಬಲದಿಂದ,ಬೆಂಬಲಕ್ಕೆ,ಬೆಂಬಲದಿಂದ,ಬೆಂಬಲದ,ಬೆಂಬಲದಲ್ಲಿ,ಬೆಂಬಲವೇ
ನಗರ,ನಗರ,ನಗರವನ್ನು,ನಗರದಿಂದ,ನಗರಕ್ಕೆ,ನಗರದಿಂದ,ನಗರದ,ನಗರದಲ್ಲಿ,ನಗರವೇ
ಪಕ್ಷ,ಪಕ್ಷ,ಪಕ್ಷವನ್ನು,ಪಕ್ಷದಿಂದ,ಪಕ್ಷಕ್ಕೆ,ಪಕ್ಷದಿಂದ,ಪಕ್ಷದ,ಪಕ್ಷದಲ್ಲಿ,ಪಕ್ಷವೇ
ದಿನ,ದಿನ,ದಿನವನ್ನು,ದಿನದಿಂದ,ದಿನಕ್ಕೆ,ದಿನದಿಂದ,ದಿನದ,ದಿನದಲ್ಲಿ,ದಿನವೇ
ಸಮರ್ಥನೆ,ಸಮರ್ಥನೆ,ಸಮರ್ಥನೆಯನ್ನು,ಸಮರ್ಥನೆಯಿಂದ,ಸಮರ್ಥನೆಗೆ,ಸಮರ್ಥನೆಯಿಂದ,ಸಮರ್ಥನೆಯ,ಸಮರ್ಥನೆಯಲ್ಲಿ,ಸಮರ್ಥನೆಯೇ
ನಿದ್ರೆ,ನಿದ್ರೆ,ನಿದ್ರೆಯನ್ನು,ನಿದ್ರೆಯಿಂದ,ನಿದ್ರೆಗೆ,ನಿದ್ರೆಯಿಂದ,ನಿದ್ರೆಯ,ನಿದ್ರೆಯಲ್ಲಿ,ನಿದ್ರೆಯೇ
ದಂಡನೆ,ದಂಡನೆ,ದಂಡನೆಯನ್ನು,ದಂಡನೆಯಿಂದ,ದಂಡನೆಗೆ,ದಂಡನೆಯಿಂದ,ದಂಡನೆಯ,ದಂಡನೆಯಲ್ಲಿ,ದಂಡನೆಯೇ
ಲಾಭ,ಲಾಭ,ಲಾಭವನ್ನು,ಲಾಭದಿಂದ,ಲಾಭಕ್ಕೆ,ಲಾಭದಿಂದ,ಲಾಭದ,ಲಾಭದಲ್ಲಿ,ಲಾಭವೇ
ವಿಶೇಷ,ವಿಶೇಷ,ವಿಶೇಷವನ್ನು,ವಿಶೇಷದಿಂದ,ವಿಶೇಷಕ್ಕೆ,ವಿಶೇಷದಿಂದ,ವಿಶೇಷದ,ವಿಶೇಷದಲ್ಲಿ,ವಿಶೇಷವೇ
ಚಿಕಿತ್ಸೆ,ಚಿಕಿತ್ಸೆ,ಚಿಕಿತ್ಸೆಯನ್ನು,ಚಿಕಿತ್ಸೆಯಿಂದ,ಚಿಕಿತ್ಸೆಗೆ,ಚಿಕಿತ್ಸೆಯಿಂದ,ಚಿಕಿತ್ಸೆಯ,ಚಿಕಿತ್ಸೆಯಲ್ಲಿ,ಚಿಕಿತ್ಸೆಯೇ
ದರ,ದರ,ದರವನ್ನು,ದರದಿಂದ,ದರಕ್ಕೆ,ದರದಿಂದ,ದರದ,ದರದಲ್ಲಿ,ದರವೇ
ಗ್ರಾಮ,ಗ್ರಾಮ,ಗ್ರಾಮವನ್ನು,ಗ್ರಾಮದಿಂದ,ಗ್ರಾಮಕ್ಕೆ,ಗ್ರಾಮದಿಂದ,ಗ್ರಾಮದ,ಗ್ರಾಮದಲ್ಲಿ,ಗ್ರಾಮವೇ
ಕ್ರೀಡೆ,ಕ್ರೀಡೆ,ಕ್ರೀಡೆಯನ್ನು,ಕ್ರೀಡೆಯಿಂದ,ಕ್ರೀಡೆಗೆ,ಕ್ರೀಡೆಯಿಂದ,ಕ್ರೀಡೆಯ,ಕ್ರೀಡೆಯಲ್ಲಿ,ಕ್ರೀಡೆಯೇ
ಸ್ಪರ್ಧೆ,ಸ್ಪರ್ಧೆ,ಸ್ಪರ್ಧೆಯನ್ನು,ಸ್ಪರ್ಧೆಯಿಂದ,ಸ್ಪರ್ಧೆಗೆ,ಸ್ಪರ್ಧೆಯಿಂದ,ಸ್ಪರ್ಧೆಯ,ಸ್ಪರ್ಧೆಯಲ್ಲಿ,ಸ್ಪರ್ಧೆಯೇ
ಪ್ರತಿ,ಪ್ರತಿ,ಪ್ರತಿದಿನವನ್ನು,ಪ್ರತಿದಿನದಿಂದ,ಪ್ರತಿದಿನಕ್ಕೆ,ಪ್ರತಿದಿನದಿಂದ,ಪ್ರತಿದಿನದ,ಪ್ರತಿದಿನದಲ್ಲಿ,ಪ್ರತಿದಿನವೇ
ಮತ,ಮತ,ಮತವನ್ನು,ಮತದಿಂದ,ಮತಕ್ಕೆ,ಮತದಿಂದ,ಮತದ,ಮತದಲ್ಲಿ,ಮತವೇ
ಅವಕಾಶ,ಅವಕಾಶ,ಅವಕಾಶವನ್ನು,ಅವಕಾಶದಿಂದ,ಅವಕಾಶಕ್ಕೆ,ಅವಕಾಶದಿಂದ,ಅವಕಾಶದ,ಅವಕಾಶದಲ್ಲಿ,ಅವಕಾಶವೇ
ಕಷ್ಟ,ಕಷ್ಟ,ಕಷ್ಟವನ್ನು,ಕಷ್ಟದಿಂದ,ಕಷ್ಟಕ್ಕೆ,ಕಷ್ಟದಿಂದ,ಕಷ್ಟದ,ಕಷ್ಟದಲ್ಲಿ,ಕಷ್ಟವೇ
ಶುಲ್ಕ,ಶುಲ್ಕ,ಶುಲ್ಕವನ್ನು,ಶುಲ್ಕದಿಂದ,ಶುಲ್ಕಕ್ಕೆ,ಶುಲ್ಕದಿಂದ,ಶುಲ್ಕದ,ಶುಲ್ಕದಲ್ಲಿ,ಶುಲ್ಕವೇ
ಅಂಶ,ಅಂಶ,ಅಂಶವನ್ನು,ಅಂಶದಿಂದ,ಅಂಶಕ್ಕೆ,ಅಂಶದಿಂದ,ಅಂಶದ,ಅಂಶದಲ್ಲಿ,ಅಂಶವೇ
ಹೊಣೆ,ಹೊಣೆ,ಹೊಣೆಯನ್ನು,ಹೊಣೆಯಿಂದ,ಹೊಣೆಗೆ,ಹೊಣೆಯಿಂದ,ಹೊಣೆಯ,ಹೊಣೆಯಲ್ಲಿ,ಹೊಣೆಯೇ
ರೋಗ,ರೋಗ,ರೋಗವನ್ನು,ರೋಗದಿಂದ,ರೋಗಕ್ಕೆ,ರೋಗದಿಂದ,ರೋಗದ,ರೋಗದಲ್ಲಿ,ರೋಗವೇ
ನೋವು,ನೋವು,ನೋವನ್ನು,ನೋವಿನಿಂದ,ನೋವಿಗೆ,ನೋವಿನಿಂದ,ನೋವಿನ,ನೋವಿನಲ್ಲಿ,ನೋವೇ
ನೆನಪು,ನೆನಪು,ನೆನಪನ್ನು,ನೆನಪಿನಿಂದ,ನೆನಪಿಗೆ,ನೆನಪಿನಿಂದ,ನೆನಪಿನ,ನೆನಪಿನಲ್ಲಿ,ನೆನಪೇ
ಭಾವಚಿತ್ರ,ಭಾವಚಿತ್ರ,ಭಾವಚಿತ್ರವನ್ನು,ಭಾವಚಿತ್ರದಿಂದ,ಭಾವಚಿತ್ರಕ್ಕೆ,ಭಾವಚಿತ್ರದಿಂದ,ಭಾವಚಿತ್ರದ,ಭಾವಚಿತ್ರದಲ್ಲಿ,ಭಾವಚಿತ್ರವೇ
ಪವಾಡ,ಪವಾಡ,ಪವಾಡವನ್ನು,ಪವಾಡದಿಂದ,ಪವಾಡಕ್ಕೆ,ಪವಾಡದಿಂದ,ಪವಾಡದ,ಪವಾಡದಲ್ಲಿ,ಪವಾಡವೇ
ಅದೃಷ್ಟ,ಅದೃಷ್ಟ,ಅದೃಷ್ಟವನ್ನು,ಅದೃಷ್ಟದಿಂದ,ಅದೃಷ್ಟಕ್ಕೆ,ಅದೃಷ್ಟದಿಂದ,ಅದೃಷ್ಟದ,ಅದೃಷ್ಟದಲ್ಲಿ,ಅದೃಷ್ಟವೇ
ದುರದೃಷ್ಟ,ದುರದೃಷ್ಟ,ದುರದೃಷ್ಟವನ್ನು,ದುರದೃಷ್ಟದಿಂದ,ದುರದೃಷ್ಟಕ್ಕೆ,ದುರದೃಷ್ಟದಿಂದ,ದುರದೃಷ್ಟದ,ದುರದೃಷ್ಟದಲ್ಲಿ,ದುರದೃಷ್ಟವೇ
ಸೋಲು,ಸೋಲು,ಸೋಲನ್ನು,ಸೋಲಿನಿಂದ,ಸೋಲಿಗೆ,ಸೋಲಿನಿಂದ,ಸೋಲಿನ,ಸೋಲಿನಲ್ಲಿ,ಸೋಲೇ
ಗೀತೆ,ಗೀತೆ,ಗೀತೆಯನ್ನು,ಗೀತೆಯಿಂದ,ಗೀತೆಗೆ,ಗೀತೆಯಿಂದ,ಗೀತೆಯ,ಗೀತೆಯಲ್ಲಿ,ಗೀತೆಯೇ
ಹಾಡು,ಹಾಡು,ಹಾಡನ್ನು,ಹಾಡಿನಿಂದ,ಹಾಡಿಗೆ,ಹಾಡಿನಿಂದ,ಹಾಡಿನ,ಹಾಡಿನಲ್ಲಿ,ಹಾಡೇ
ಮಾಹಿತಿ,ಮಾಹಿತಿ,ಮಾಹಿತಿಯನ್ನು,ಮಾಹಿತಿಯಿಂದ,ಮಾಹಿತಿಗೆ,ಮಾಹಿತಿಯಿಂದ,ಮಾಹಿತಿಯ,ಮಾಹಿತಿಯಲ್ಲಿ,ಮಾಹಿತಿಯೇ
ಗತಿ,ಗತಿ,ಗತಿಯನ್ನು,ಗತಿಯಿಂದ,ಗತಿಗೆ,ಗತಿಯಿಂದ,ಗತಿಯ,ಗತಿಯಲ್ಲಿ,ಗತಿಯೇ
ಪರಿಸ್ಥಿತಿ,ಪರಿಸ್ಥಿತಿ,ಪರಿಸ್ಥಿತಿಯನ್ನು,ಪರಿಸ್ಥಿತಿಯಿಂದ,ಪರಿಸ್ಥಿತಿಗೆ,ಪರಿಸ್ಥಿತಿಯಿಂದ,ಪರಿಸ್ಥಿತಿಯ,ಪರಿಸ್ಥಿತಿಯಲ್ಲಿ,ಪರಿಸ್ಥಿತಿಯೇ
ಕಲಿಕೆ,ಕಲಿಕೆ,ಕಲಿಕೆಯನ್ನು,ಕಲಿಕೆಯಿಂದ,ಕಲಿಕೆಗೆ,ಕಲಿಕೆಯಿಂದ,ಕಲಿಕೆಯ,ಕಲಿಕೆಯಲ್ಲಿ,ಕಲಿಕೆಯೇ
ಸಾಲು,ಸಾಲು,ಸಾಲನ್ನು,ಸಾಲಿನಿಂದ,ಸಾಲಿಗೆ,ಸಾಲಿನಿಂದ,ಸಾಲಿನ,ಸಾಲಿನಲ್ಲಿ,ಸಾಲೇ
ವರ್ಗ,ವರ್ಗ,ವರ್ಗವನ್ನು,ವರ್ಗದಿಂದ,ವರ್ಗಕ್ಕೆ,ವರ್ಗದಿಂದ,ವರ್ಗದ,ವರ್ಗದಲ್ಲಿ,ವರ್ಗವೇ
ಮನೆ,ಮನೆ,ಮನೆಯನ್ನು,ಮನೆಯಿಂದ,ಮನೆಗೆ,ಮನೆಯಿಂದ,ಮನೆಯ,ಮನೆಯಲ್ಲಿ,ಮನೆಯೇ
ಮರ,ಮರ,ಮರವನ್ನು,ಮರದಿಂದ,ಮರಕ್ಕೆ,ಮರದಿಂದ,ಮರದ,ಮರದಲ್ಲಿ,ಮರವೇ
ಕಲ್ಲು,ಕಲ್ಲು,ಕಲ್ಲನ್ನು,ಕಲ್ಲಿನಿಂದ,ಕಲ್ಲಿಗೆ,ಕಲ್ಲಿನಿಂದ,ಕಲ್ಲಿನ,ಕಲ್ಲಿನಲ್ಲಿ,ಕಲ್ಲೇ
ಬೆಳಕು,ಬೆಳಕು,ಬೆಳಕನ್ನು,ಬೆಳಕಿನಿಂದ,ಬೆಳಕಿಗೆ,ಬೆಳಕಿನಿಂದ,ಬೆಳಕಿನ,ಬೆಳಕಿನಲ್ಲಿ,ಬೆಳಕೇ
ಹಣ್ಣು,ಹಣ್ಣು,ಹಣ್ಣನ್ನು,ಹಣ್ಣಿನಿಂದ,ಹಣ್ಣಿಗೆ,ಹಣ್ಣಿನಿಂದ,ಹಣ್ಣಿನ,ಹಣ್ಣಿನಲ್ಲಿ,ಹಣ್ಣೇ
ಪುಸ್ತಕ,ಪುಸ್ತಕ,ಪುಸ್ತಕವನ್ನು,ಪುಸ್ತಕದಿಂದ,ಪುಸ್ತಕಕ್ಕೆ,ಪುಸ್ತಕದಿಂದ,ಪುಸ್ತಕದ,ಪುಸ್ತಕದಲ್ಲಿ,ಪುಸ್ತಕವೇ
ಕಾಗದ,ಕಾಗದ,ಕಾಗದವನ್ನು,ಕಾಗದದಿಂದ,ಕಾಗದಕ್ಕೆ,ಕಾಗದದಿಂದ,ಕಾಗದದ,ಕಾಗದದಲ್ಲಿ,ಕಾಗದವೇ
ನೂರು,ನೂರು,ನೂರನ್ನು,ನೂರರಿಂದ,ನೂರಿಗೆ,ನೂರರಿಂದ,ನೂರರ,ನೂರರಲ್ಲಿ,ನೂರೇ
ಬೆಂಕಿ,ಬೆಂಕಿ,ಬೆಂಕಿಯನ್ನು,ಬೆಂಕಿಯಿಂದ,ಬೆಂಕಿಗೆ,ಬೆಂಕಿಯಿಂದ,ಬೆಂಕಿಯ,ಬೆಂಕಿಯಲ್ಲಿ,ಬೆಂಕಿಯೇ
ನೀರು,ನೀರು,ನೀರನ್ನು,ನೀರಿನಿಂದ,ನೀರಿಗೆ,ನೀರಿನಿಂದ,ನೀರಿನ,ನೀರಿನಲ್ಲಿ,ನೀರೇ
ಆಕಾಶ,ಆಕಾಶ,ಆಕಾಶವನ್ನು,ಆಕಾಶದಿಂದ,ಆಕಾಶಕ್ಕೆ,ಆಕಾಶದಿಂದ,ಆಕಾಶದ,ಆಕಾಶದಲ್ಲಿ,ಆಕಾಶವೇ
ಬಾಗಿಲು,ಬಾಗಿಲು,ಬಾಗಿಲನ್ನು,ಬಾಗಿಲಿನಿಂದ,ಬಾಗಿಲಿಗೆ,ಬಾಗಿಲಿನಿಂದ,ಬಾಗಿಲ,ಬಾಗಿಲಲ್ಲಿ,ಬಾಗಿಲೇ
ಚಿತ್ರ,ಚಿತ್ರ,ಚಿತ್ರವನ್ನು,ಚಿತ್ರದಿಂದ,ಚಿತ್ರಕ್ಕೆ,ಚಿತ್ರದಿಂದ,ಚಿತ್ರದ,ಚಿತ್ರದಲ್ಲಿ,ಚಿತ್ರವೇ
ಕಾರ್,ಕಾರ್,ಕಾರನ್ನು,ಕಾರಿನಿಂದ,ಕಾರಿಗೆ,ಕಾರಿನಿಂದ,ಕಾರಿನ,ಕಾರಿನಲ್ಲಿ,ಕಾರೇ
ಬಾಕ್ಸ್,ಬಾಕ್ಸ್,ಬಾಕ್ಸನ್ನು,ಬಾಕ್ಸಿನಿಂದ,ಬಾಕ್ಸಿಗೆ,ಬಾಕ್ಸಿನಿಂದ,ಬಾಕ್ಸಿನ,ಬಾಕ್ಸಿನಲ್ಲಿ,ಬಾಕ್ಸೇ
ಊರು,ಊರು,ಊರನ್ನು,ಊರಿನಿಂದ,ಊರಿಗೆ,ಊರಿನಿಂದ,ಊರಿನ,ಊರಿನಲ್ಲಿ,ಊರೇ
ಗ್ರಾಮ,ಗ್ರಾಮ,ಗ್ರಾಮವನ್ನು,ಗ್ರಾಮದಿಂದ,ಗ್ರಾಮಕ್ಕೆ,ಗ್ರಾಮದಿಂದ,ಗ್ರಾಮದ,ಗ್ರಾಮದಲ್ಲಿ,ಗ್ರಾಮವೇ
ರಸ್ತೆ,ರಸ್ತೆ,ರಸ್ತೆಯನ್ನು,ರಸ್ತೆಯಿಂದ,ರಸ್ತೆಗೆ,ರಸ್ತೆಯಿಂದ,ರಸ್ತೆಯ,ರಸ್ತೆಯಲ್ಲಿ,ರಸ್ತೆಯೇ
ಜ್ಞಾನ,ಜ್ಞಾನ,ಜ್ಞಾನವನ್ನು,ಜ್ಞಾನದಿಂದ,ಜ್ಞಾನಕ್ಕೆ,ಜ್ಞಾನದಿಂದ,ಜ್ಞಾನದ,ಜ್ಞಾನದಲ್ಲಿ,ಜ್ಞಾನವೇ
ಸಮಯ,ಸಮಯ,ಸಮಯವನ್ನು,ಸಮಯದಿಂದ,ಸಮಯಕ್ಕೆ,ಸಮಯದಿಂದ,ಸಮಯದ,ಸಮಯದಲ್ಲಿ,ಸಮಯವೇ
ಪರೀಕ್ಷೆ,ಪರೀಕ್ಷೆ,ಪರೀಕ್ಷೆಯನ್ನು,ಪರೀಕ್ಷೆಯಿಂದ,ಪರೀಕ್ಷೆಗೆ,ಪರೀಕ್ಷೆಯಿಂದ,ಪರೀಕ್ಷೆಯ,ಪರೀಕ್ಷೆಯಲ್ಲಿ,ಪರೀಕ್ಷೆಯೇ
ಕಲ್ಪನೆ,ಕಲ್ಪನೆ,ಕಲ್ಪನೆಯನ್ನು,ಕಲ್ಪನೆಯಿಂದ,ಕಲ್ಪನೆಗೆ,ಕಲ್ಪನೆಯಿಂದ,ಕಲ್ಪನೆಯ,ಕಲ್ಪನೆಯಲ್ಲಿ,ಕಲ್ಪನೆಯೇ
ಆನಂದ,ಆನಂದ,ಆನಂದವನ್ನು,ಆನಂದದಿಂದ,ಆನಂದಕ್ಕೆ,ಆನಂದದಿಂದ,ಆನಂದದ,ಆನಂದದಲ್ಲಿ,ಆನಂದವೇ
ಮನಸ್ಸು,ಮನಸ್ಸು,ಮನಸ್ಸನ್ನು,ಮನಸ್ಸಿನಿಂದ,ಮನಸ್ಸಿಗೆ,ಮನಸ್ಸಿನಿಂದ,ಮನಸ್ಸಿನ,ಮನಸ್ಸಿನಲ್ಲಿ,ಮನಸ್ಸೇ
ಹಬ್ಬ,ಹಬ್ಬ,ಹಬ್ಬವನ್ನು,ಹಬ್ಬದಿಂದ,ಹಬ್ಬಕ್ಕೆ,ಹಬ್ಬದಿಂದ,ಹಬ್ಬದ,ಹಬ್ಬದಲ್ಲಿ,ಹಬ್ಬವೇ
ಕಾಯಿಲೆ,ಕಾಯಿಲೆ,ಕಾಯಿಲೆಯನ್ನು,ಕಾಯಿಲೆಯಿಂದ,ಕಾಯಿಲೆಗೆ,ಕಾಯಿಲೆಯಿಂದ,ಕಾಯಿಲೆಯ,ಕಾಯಿಲೆಯಲ್ಲಿ,ಕಾಯಿಲೆಯೇ
ಕೈ,ಕೈ,ಕೈಯನ್ನು,ಕೈಯಿಂದ,ಕೈಗೆ,ಕೈಯಿಂದ,ಕೈಯ,ಕೈಯಲ್ಲಿ,ಕೈಯೇ
ಕಾಲು,ಕಾಲು,ಕಾಲನ್ನು,ಕಾಲಿನಿಂದ,ಕಾಲಿಗೆ,ಕಾಲಿನಿಂದ,ಕಾಲಿನ,ಕಾಲಿನಲ್ಲಿ,ಕಾಲೇ
ಹಲ್ಲು,ಹಲ್ಲು,ಹಲ್ಲನ್ನು,ಹಲ್ಲಿನಿಂದ,ಹಲ್ಲಿಗೆ,ಹಲ್ಲಿನಿಂದ,ಹಲ್ಲಿನ,ಹಲ್ಲಿನಲ್ಲಿ,ಹಲ್ಲೇ
ಮಗು,ಮಗು,ಮಗುವನ್ನು,ಮಗುವಿನಿಂದ,ಮಗುವಿಗೆ,ಮಗುವಿನಿಂದ,ಮಗುವಿನ,ಮಗುವಿನಲ್ಲಿ,ಮಗುವೇ
ಕತ್ತು,ಕತ್ತು,ಕತ್ತನ್ನು,ಕತ್ತಿನಿಂದ,ಕತ್ತಿಗೆ,ಕತ್ತಿನಿಂದ,ಕತ್ತಿನ,ಕತ್ತಿನಲ್ಲಿ,ಕತ್ತೇ
ದೇಹ,ದೇಹ,ದೇಹವನ್ನು,ದೇಹದಿಂದ,ದೇಹಕ್ಕೆ,ದೇಹದಿಂದ,ದೇಹದ,ದೇಹದಲ್ಲಿ,ದೇಹವೇ
ಹಕ್ಕಿ,ಹಕ್ಕಿ,ಹಕ್ಕಿಯನ್ನು,ಹಕ್ಕಿಯಿಂದ,ಹಕ್ಕಿಗೆ,ಹಕ್ಕಿಯಿಂದ,ಹಕ್ಕಿಯ,ಹಕ್ಕಿಯಲ್ಲಿ,ಹಕ್ಕಿಯೇ
ಆನೆ,ಆನೆ,ಆನೆಯನ್ನು,ಆನೆಯಿಂದ,ಆನೆಗೆ,ಆನೆಯಿಂದ,ಆನೆಯ,ಆನೆಯಲ್ಲಿ,ಆನೆಯೇ
ಕುದುರೆ,ಕುದುರೆ,ಕುದುರೆಯನ್ನು,ಕುದುರೆಯಿಂದ,ಕುದುರೆಗೆ,ಕುದುರೆಯಿಂದ,ಕುದುರೆಯ,ಕುದುರೆಯಲ್ಲಿ,ಕುದುರೆಯೇ
ನಾಯಿ,ನಾಯಿ,ನಾಯಿಯನ್ನು,ನಾಯಿಯಿಂದ,ನಾಯಿಗೆ,ನಾಯಿಯಿಂದ,ನಾಯಿಯ,ನಾಯಿಯಲ್ಲಿ,ನಾಯಿಯೇ
ಹಾವು,ಹಾವು,ಹಾವನ್ನು,ಹಾವಿನಿಂದ,ಹಾವಿಗೆ,ಹಾವಿನಿಂದ,ಹಾವಿನ,ಹಾವಿನಲ್ಲಿ,ಹಾವೇ
ಸಂತೆ,ಸಂತೆ,ಸಂತೆಯನ್ನು,ಸಂತೆಯಿಂದ,ಸಂತೆಗೆ,ಸಂತೆಯಿಂದ,ಸಂತೆಯ,ಸಂತೆಯಲ್ಲಿ,ಸಂತೆಯೇ
ಹಾಲು,ಹಾಲು,ಹಾಲನ್ನು,ಹಾಲಿನಿಂದ,ಹಾಲಿಗೆ,ಹಾಲಿನಿಂದ,ಹಾಲಿನ,ಹಾಲಿನಲ್ಲಿ,ಹಾಲೇ
ದಿನ,ದಿನ,ದಿನವನ್ನು,ದಿನದಿಂದ,ದಿನಕ್ಕೆ,ದಿನದಿಂದ,ದಿನದ,ದಿನದಲ್ಲಿ,ದಿನವೇ
ರಾತ್ರಿ,ರಾತ್ರಿ,ರಾತ್ರಿಯನ್ನು,ರಾತ್ರಿಯಿಂದ,ರಾತ್ರಿಗೆ,ರಾತ್ರಿಯಿಂದ,ರಾತ್ರಿಯ,ರಾತ್ರಿಯಲ್ಲಿ,ರಾತ್ರಿಯೇ
ಅಕ್ಷರ,ಅಕ್ಷರ,ಅಕ್ಷರವನ್ನು,ಅಕ್ಷರದಿಂದ,ಅಕ್ಷರಕ್ಕೆ,ಅಕ್ಷರದಿಂದ,ಅಕ್ಷರದ,ಅಕ್ಷರದಲ್ಲಿ,ಅಕ್ಷರವೇ
ಉತ್ತರ,ಉತ್ತರ,ಉತ್ತರವನ್ನು,ಉತ್ತರದಿಂದ,ಉತ್ತರಕ್ಕೆ,ಉತ್ತರದಿಂದ,ಉತ್ತರದ,ಉತ್ತರದಲ್ಲಿ,ಉತ್ತರವೇ
ದಿಕ್ಕು,ದಿಕ್ಕು,ದಿಕ್ಕನ್ನು,ದಿಕ್ಕಿನಿಂದ,ದಿಕ್ಕಿಗೆ,ದಿಕ್ಕಿನಿಂದ,ದಿಕ್ಕಿನ,ದಿಕ್ಕಿನಲ್ಲಿ,ದಿಕ್ಕೇ
ವಿಜ್ಞಾನ,ವಿಜ್ಞಾನ,ವಿಜ್ಞಾನವನ್ನು,ವಿಜ್ಞಾನದಿಂದ,ವಿಜ್ಞಾನಕ್ಕೆ,ವಿಜ್ಞಾನದಿಂದ,ವಿಜ್ಞಾನದ,ವಿಜ್ಞಾನದಲ್ಲಿ,ವಿಜ್ಞಾನವೇ
ಶರೀರ,ಶರೀರ,ಶರೀರವನ್ನು,ಶರೀರದಿಂದ,ಶರೀರಕ್ಕೆ,ಶರೀರದಿಂದ,ಶರೀರದ,ಶರೀರದಲ್ಲಿ,ಶರೀರವೇ
ತೀರ್ಥ,ತೀರ್ಥ,ತೀರ್ಥವನ್ನು,ತೀರ್ಥದಿಂದ,ತೀರ್ಥಕ್ಕೆ,ತೀರ್ಥದಿಂದ,ತೀರ್ಥದ,ತೀರ್ಥದಲ್ಲಿ,ತೀರ್ಥವೇ
ಚಿನ್ನ,ಚಿನ್ನ,ಚಿನ್ನವನ್ನು,ಚಿನ್ನದಿಂದ,ಚಿನ್ನಕ್ಕೆ,ಚಿನ್ನದಿಂದ,ಚಿನ್ನದ,ಚಿನ್ನದಲ್ಲಿ,ಚಿನ್ನವೇ
ರೂಪ,ರೂಪ,ರೂಪವನ್ನು,ರೂಪದಿಂದ,ರೂಪಕ್ಕೆ,ರೂಪದಿಂದ,ರೂಪದ,ರೂಪದಲ್ಲಿ,ರೂಪವೇ
ನೋಟ,ನೋಟ,ನೋಟವನ್ನು,ನೋಟದಿಂದ,ನೋಟಕ್ಕೆ,ನೋಟದಿಂದ,ನೋಟದ,ನೋಟದಲ್ಲಿ,ನೋಟವೇ
ಗುರಿ,ಗುರಿ,ಗುರಿಯನ್ನು,ಗುರಿಯಿಂದ,ಗುರಿಗೆ,ಗುರಿಯಿಂದ,ಗುರಿಯ,ಗುರಿಯಲ್ಲಿ,ಗುರಿಯೇ
ಪರಿಹಾರ,ಪರಿಹಾರ,ಪರಿಹಾರವನ್ನು,ಪರಿಹಾರದಿಂದ,ಪರಿಹಾರಕ್ಕೆ,ಪರಿಹಾರದಿಂದ,ಪರಿಹಾರದ,ಪರಿಹಾರದಲ್ಲಿ,ಪರಿಹಾರವೇ
ಸಂದೇಶ,ಸಂದೇಶ,ಸಂದೇಶವನ್ನು,ಸಂದೇಶದಿಂದ,ಸಂದೇಶಕ್ಕೆ,ಸಂದೇಶದಿಂದ,ಸಂದೇಶದ,ಸಂದೇಶದಲ್ಲಿ,ಸಂದೇಶವೇ
ವಿಚಾರ,ವಿಚಾರ,ವಿಚಾರವನ್ನು,ವಿಚಾರದಿಂದ,ವಿಚಾರಕ್ಕೆ,ವಿಚಾರದಿಂದ,ವಿಚಾರದ,ವಿಚಾರದಲ್ಲಿ,ವಿಚಾರವೇ
ಪ್ರಯತ್ನ,ಪ್ರಯತ್ನ,ಪ್ರಯತ್ನವನ್ನು,ಪ್ರಯತ್ನದಿಂದ,ಪ್ರಯತ್ನಕ್ಕೆ,ಪ್ರಯತ್ನದಿಂದ,ಪ್ರಯತ್ನದ,ಪ್ರಯತ್ನದಲ್ಲಿ,ಪ್ರಯತ್ನವೇ
ಸಮಸ್ಯೆ,ಸಮಸ್ಯೆ,ಸಮಸ್ಯೆಯನ್ನು,ಸಮಸ್ಯೆಯಿಂದ,ಸಮಸ್ಯೆಗೆ,ಸಮಸ್ಯೆಯಿಂದ,ಸಮಸ್ಯೆಯ,ಸಮಸ್ಯೆಯಲ್ಲಿ,ಸಮಸ್ಯೆಯೇ
ಸೌಕರ್ಯ,ಸೌಕರ್ಯ,ಸೌಕರ್ಯವನ್ನು,ಸೌಕರ್ಯದಿಂದ,ಸೌಕರ್ಯಕ್ಕೆ,ಸೌಕರ್ಯದಿಂದ,ಸೌಕರ್ಯದ,ಸೌಕರ್ಯದಲ್ಲಿ,ಸೌಕರ್ಯವೇ
ದೋಷ,ದೋಷ,ದೋಷವನ್ನು,ದೋಷದಿಂದ,ದೋಷಕ್ಕೆ,ದೋಷದಿಂದ,ದೋಷದ,ದೋಷದಲ್ಲಿ,ದೋಷವೇ
ಲಕ್ಷ್ಯ,ಲಕ್ಷ್ಯ,ಲಕ್ಷ್ಯವನ್ನು,ಲಕ್ಷ್ಯದಿಂದ,ಲಕ್ಷ್ಯಕ್ಕೆ,ಲಕ್ಷ್ಯದಿಂದ,ಲಕ್ಷ್ಯದ,ಲಕ್ಷ್ಯದಲ್ಲಿ,ಲಕ್ಷ್ಯವೇ
ವರ್ಷ,ವರ್ಷ,ವರ್ಷವನ್ನು,ವರ್ಷದಿಂದ,ವರ್ಷಕ್ಕೆ,ವರ್ಷದಿಂದ,ವರ್ಷದ,ವರ್ಷದಲ್ಲಿ,ವರ್ಷವೇ
ನೆರಳು,ನೆರಳು,ನೆರಳನ್ನು,ನೆರಳಿನಿಂದ,ನೆರಳಿಗೆ,ನೆರಳಿನಿಂದ,ನೆರಳಿನ,ನೆರಳಿನಲ್ಲಿ,ನೆರಳೇ
ಆಹಾರ,ಆಹಾರ,ಆಹಾರವನ್ನು,ಆಹಾರದಿಂದ,ಆಹಾರಕ್ಕೆ,ಆಹಾರದಿಂದ,ಆಹಾರದ,ಆಹಾರದಲ್ಲಿ,ಆಹಾರವೇ
ಪಾನೀಯ,ಪಾನೀಯ,ಪಾನೀಯವನ್ನು,ಪಾನೀಯದಿಂದ,ಪಾನೀಯಕ್ಕೆ,ಪಾನೀಯದಿಂದ,ಪಾನೀಯದ,ಪಾನೀಯದಲ್ಲಿ,ಪಾನೀಯವೇ
ರೋಗ,ರೋಗ,ರೋಗವನ್ನು,ರೋಗದಿಂದ,ರೋಗಕ್ಕೆ,ರೋಗದಿಂದ,ರೋಗದ,ರೋಗದಲ್ಲಿ,ರೋಗವೇ
ಕ್ಷಮತೆ,ಕ್ಷಮತೆ,ಕ್ಷಮತೆಯನ್ನು,ಕ್ಷಮತೆಯಿಂದ,ಕ್ಷಮತೆಗೆ,ಕ್ಷಮತೆಯಿಂದ,ಕ್ಷಮತೆಯ,ಕ್ಷಮತೆಯಲ್ಲಿ,ಕ್ಷಮತೆಯೇ
ಯಂತ್ರ,ಯಂತ್ರ,ಯಂತ್ರವನ್ನು,ಯಂತ್ರದಿಂದ,ಯಂತ್ರಕ್ಕೆ,ಯಂತ್ರದಿಂದ,ಯಂತ್ರದ,ಯಂತ್ರದಲ್ಲಿ,ಯಂತ್ರವೇ
ವಸ್ತು,ವಸ್ತು,ವಸ್ತುವನ್ನು,ವಸ್ತುವಿನಿಂದ,ವಸ್ತುವಿಗೆ,ವಸ್ತುವಿನಿಂದ,ವಸ್ತುವಿನ,ವಸ್ತುವಿನಲ್ಲಿ,ವಸ್ತುವೇ
ಖರೀದಿ,ಖರೀದಿ,ಖರೀದಿಯನ್ನು,ಖರೀದಿಯಿಂದ,ಖರೀದಿಗೆ,ಖರೀದಿಯಿಂದ,ಖರೀದಿಯ,ಖರೀದಿಯಲ್ಲಿ,ಖರೀದಿಯೇ
ಅದೃಷ್ಟ,ಅದೃಷ್ಟ,ಅದೃಷ್ಟವನ್ನು,ಅದೃಷ್ಟದಿಂದ,ಅದೃಷ್ಟಕ್ಕೆ,ಅದೃಷ್ಟದಿಂದ,ಅದೃಷ್ಟದ,ಅದೃಷ್ಟದಲ್ಲಿ,ಅದೃಷ್ಟವೇ
ಕಷ್ಟ,ಕಷ್ಟ,ಕಷ್ಟವನ್ನು,ಕಷ್ಟದಿಂದ,ಕಷ್ಟಕ್ಕೆ,ಕಷ್ಟದಿಂದ,ಕಷ್ಟದ,ಕಷ್ಟದಲ್ಲಿ,ಕಷ್ಟವೇ
ಸುಖ,ಸುಖ,ಸುಖವನ್ನು,ಸುಖದಿಂದ,ಸುಖಕ್ಕೆ,ಸುಖದಿಂದ,ಸುಖದ,ಸುಖದಲ್ಲಿ,ಸುಖವೇ
ಸುಂದರ,ಸುಂದರ,ಸುಂದರವನ್ನು,ಸುಂದರದಿಂದ,ಸುಂದರಕ್ಕೆ,ಸುಂದರದಿಂದ,ಸುಂದರದ,ಸುಂದರದಲ್ಲಿ,ಸುಂದರವೇ
ಆಕರ್ಷಣೆ,ಆಕರ್ಷಣೆ,ಆಕರ್ಷಣೆಯನ್ನು,ಆಕರ್ಷಣೆಯಿಂದ,ಆಕರ್ಷಣೆಗೆ,ಆಕರ್ಷಣೆಯಿಂದ,ಆಕರ್ಷಣೆಯ,ಆಕರ್ಷಣೆಯಲ್ಲಿ,ಆಕರ್ಷಣೆಯೇ
ಕ್ರೀಡೆ,ಕ್ರೀಡೆ,ಕ್ರೀಡೆಯನ್ನು,ಕ್ರೀಡೆಯಿಂದ,ಕ್ರೀಡೆಗೆ,ಕ್ರೀಡೆಯಿಂದ,ಕ್ರೀಡೆಯ,ಕ್ರೀಡೆಯಲ್ಲಿ,ಕ್ರೀಡೆಯೇ
ಪದ,ಪದ,ಪದವನ್ನು,ಪದದಿಂದ,ಪದಕ್ಕೆ,ಪದದಿಂದ,ಪದದ,ಪದದಲ್ಲಿ,ಪದವೇ
ಮೌನ,ಮೌನ,ಮೌನವನ್ನು,ಮೌನದಿಂದ,ಮೌನಕ್ಕೆ,ಮೌನದಿಂದ,ಮೌನದ,ಮೌನದಲ್ಲಿ,ಮೌನವೇ
ಉದಾಹರಣೆ,ಉದಾಹರಣೆ,ಉದಾಹರಣೆಯನ್ನು,ಉದಾಹರಣೆಯಿಂದ,ಉದಾಹರಣೆಗೆ,ಉದಾಹರಣೆಯಿಂದ,ಉದಾಹರಣೆಯ,ಉದಾಹರಣೆಯಲ್ಲಿ,ಉದಾಹರಣೆಯೇ
ಶಬ್ದ,ಶಬ್ದ,ಶಬ್ದವನ್ನು,ಶಬ್ದದಿಂದ,ಶಬ್ದಕ್ಕೆ,ಶಬ್ದದಿಂದ,ಶಬ್ದದ,ಶಬ್ದದಲ್ಲಿ,ಶಬ್ದವೇ
ಹಾಡು,ಹಾಡು,ಹಾಡನ್ನು,ಹಾಡಿನಿಂದ,ಹಾಡಿಗೆ,ಹಾಡಿನಿಂದ,ಹಾಡಿನ,ಹಾಡಿನಲ್ಲಿ,ಹಾಡೇ
ನೃತ್ಯ,ನೃತ್ಯ,ನೃತ್ಯವನ್ನು,ನೃತ್ಯದಿಂದ,ನೃತ್ಯಕ್ಕೆ,ನೃತ್ಯದಿಂದ,ನೃತ್ಯದ,ನೃತ್ಯದಲ್ಲಿ,ನೃತ್ಯವೇ
ಯೋಜನೆ,ಯೋಜನೆ,ಯೋಜನೆಯನ್ನು,ಯೋಜನೆಯಿಂದ,ಯೋಜನೆಗೆ,ಯೋಜನೆಯಿಂದ,ಯೋಜನೆಯ,ಯೋಜನೆಯಲ್ಲಿ,ಯೋಜನೆಯೇ
ಚಿಂತೆ,ಚಿಂತೆ,ಚಿಂತೆಯನ್ನು,ಚಿಂತೆಯಿಂದ,ಚಿಂತೆಗೆ,ಚಿಂತೆಯಿಂದ,ಚಿಂತೆಯ,ಚಿಂತೆಯಲ್ಲಿ,ಚಿಂತೆಯೇ
ಗೌರವ,ಗೌರವ,ಗೌರವವನ್ನು,ಗೌರವದಿಂದ,ಗೌರವಕ್ಕೆ,ಗೌರವದಿಂದ,ಗೌರವದ,ಗೌರವದಲ್ಲಿ,ಗೌರವವೇ
ಭಯ,ಭಯ,ಭಯವನ್ನು,ಭಯದಿಂದ,ಭಯಕ್ಕೆ,ಭಯದಿಂದ,ಭಯದ,ಭಯದಲ್ಲಿ,ಭಯವೇ
ವಿವಾದ,ವಿವಾದ,ವಿವಾದವನ್ನು,ವಿವಾದದಿಂದ,ವಿವಾದಕ್ಕೆ,ವಿವಾದದಿಂದ,ವಿವಾದದ,ವಿವಾದದಲ್ಲಿ,ವಿವಾದವೇ
ಸಾಧನ,ಸಾಧನ,ಸಾಧನವನ್ನು,ಸಾಧನದಿಂದ,ಸಾಧನಕ್ಕೆ,ಸಾಧನದಿಂದ,ಸಾಧನದ,ಸಾಧನದಲ್ಲಿ,ಸಾಧನವೇ
ಭರವಸೆ,ಭರವಸೆ,ಭರವಸೆಯನ್ನು,ಭರವಸೆಯಿಂದ,ಭರವಸೆಗೆ,ಭರವಸೆಯಿಂದ,ಭರವಸೆಯ,ಭರವಸೆಯಲ್ಲಿ,ಭರವಸೆಯೇ
ಕರ್ತವ್ಯ,ಕರ್ತವ್ಯ,ಕರ್ತವ್ಯವನ್ನು,ಕರ್ತವ್ಯದಿಂದ,ಕರ್ತವ್ಯಕ್ಕೆ,ಕರ್ತವ್ಯದಿಂದ,ಕರ್ತವ್ಯದ,ಕರ್ತವ್ಯದಲ್ಲಿ,ಕರ್ತವ್ಯವೇ
ದೂರ,ದೂರ,ದೂರವನ್ನು,ದೂರದಿಂದ,ದೂರಕ್ಕೆ,ದೂರದಿಂದ,ದೂರದ,ದೂರದಲ್ಲಿ,ದೂರವೇ
ಸೀಮೆ,ಸೀಮೆ,ಸೀಮೆಯನ್ನು,ಸೀಮೆಯಿಂದ,ಸೀಮೆಗೆ,ಸೀಮೆಯಿಂದ,ಸೀಮೆಯ,ಸೀಮೆಯಲ್ಲಿ,ಸೀಮೆಯೇ
ನಡೆ,ನಡೆ,ನಡೆಯನ್ನು,ನಡೆಯಿಂದ,ನಡೆಯೆ,ನಡೆಯಿಂದ,ನಡೆಯ,ನಡೆಯಲಿ,ನಡೆಯೆ
ಶುಲ್ಕ,ಶುಲ್ಕ,ಶುಲ್ಕವನ್ನು,ಶುಲ್ಕದಿಂದ,ಶುಲ್ಕಕ್ಕೆ,ಶುಲ್ಕದಿಂದ,ಶುಲ್ಕದ,ಶುಲ್ಕದಲ್ಲಿ,ಶುಲ್ಕವೇ
ಅಂತ್ಯ,ಅಂತ್ಯ,ಅಂತ್ಯವನ್ನು,ಅಂತ್ಯದಿಂದ,ಅಂತ್ಯಕ್ಕೆ,ಅಂತ್ಯದಿಂದ,ಅಂತ್ಯದ,ಅಂತ್ಯದಲ್ಲಿ,ಅಂತ್ಯವೇ
ಮಧ್ಯ,ಮಧ್ಯ,ಮಧ್ಯವನ್ನು,ಮಧ್ಯದಿಂದ,ಮಧ್ಯಕ್ಕೆ,ಮಧ್ಯದಿಂದ,ಮಧ್ಯದ,ಮಧ್ಯದಲ್ಲಿ,ಮಧ್ಯವೇ
ಸಾಲ,ಸಾಲ,ಸಾಲವನ್ನು,ಸಾಲದಿಂದ,ಸಾಲಕ್ಕೆ,ಸಾಲದಿಂದ,ಸಾಲದ,ಸಾಲದಲ್ಲಿ,ಸಾಲವೇ
ಹಾದಿ,ಹಾದಿ,ಹಾದಿಯನ್ನು,ಹಾದಿಯಿಂದ,ಹಾದಿಗೆ,ಹಾದಿಯಿಂದ,ಹಾದಿಯ,ಹಾದಿಯಲ್ಲಿ,ಹಾದಿಯೇ
ಪರಿಣಾಮ,ಪರಿಣಾಮ,ಪರಿಣಾಮವನ್ನು,ಪರಿಣಾಮದಿಂದ,ಪರಿಣಾಮಕ್ಕೆ,ಪರಿಣಾಮದಿಂದ,ಪರಿಣಾಮದ,ಪರಿಣಾಮದಲ್ಲಿ,ಪರಿಣಾಮವೇ
ಗತಿ,ಗತಿ,ಗತಿಯನ್ನು,ಗತಿಯಿಂದ,ಗತಿಗೆ,ಗತಿಯಿಂದ,ಗತಿಯ,ಗತಿಯಲ್ಲಿ,ಗತಿಯೇ
ಪ್ರಮಾಣ,ಪ್ರಮಾಣ,ಪ್ರಮಾಣವನ್ನು,ಪ್ರಮಾಣದಿಂದ,ಪ್ರಮಾಣಕ್ಕೆ,ಪ್ರಮಾಣದಿಂದ,ಪ್ರಮಾಣದ,ಪ್ರಮಾಣದಲ್ಲಿ,ಪ್ರಮಾಣವೇ
ಕೋಪ,ಕೋಪ,ಕೋಪವನ್ನು,ಕೋಪದಿಂದ,ಕೋಪಕ್ಕೆ,ಕೋಪದಿಂದ,ಕೋಪದ,ಕೋಪದಲ್ಲಿ,ಕೋಪವೇ
ವಾರ್ತೆ,ವಾರ್ತೆ,ವಾರ್ತೆಯನ್ನು,ವಾರ್ತೆಯಿಂದ,ವಾರ್ತೆಗೆ,ವಾರ್ತೆಯಿಂದ,ವಾರ್ತೆಯ,ವಾರ್ತೆಯಲ್ಲಿ,ವಾರ್ತೆಯೇ
ವೇಷ,ವೇಷ,ವೇಷವನ್ನು,ವೇಷದಿಂದ,ವೇಷಕ್ಕೆ,ವೇಷದಿಂದ,ವೇಷದ,ವೇಷದಲ್ಲಿ,ವೇಷವೇ
ಮಾರ್ಗ,ಮಾರ್ಗ,ಮಾರ್ಗವನ್ನು,ಮಾರ್ಗದಿಂದ,ಮಾರ್ಗಕ್ಕೆ,ಮಾರ್ಗದಿಂದ,ಮಾರ್ಗದ,ಮಾರ್ಗದಲ್ಲಿ,ಮಾರ್ಗವೇ
ಕಾರ್ಖಾನೆ,ಕಾರ್ಖಾನೆ,ಕಾರ್ಖಾನೆಯನ್ನು,ಕಾರ್ಖಾನೆಯಿಂದ,ಕಾರ್ಖಾನೆಗೆ,ಕಾರ್ಖಾನೆಯಿಂದ,ಕಾರ್ಖಾನೆಯ,ಕಾರ್ಖಾನೆಯಲ್ಲಿ,ಕಾರ್ಖಾನೆಯೇ
ಕನ್ನಡಿ,ಕನ್ನಡಿ,ಕನ್ನಡಿಯನ್ನು,ಕನ್ನಡಿಯಿಂದ,ಕನ್ನಡಿಗೆ,ಕನ್ನಡಿಯಿಂದ,ಕನ್ನಡಿಯ,ಕನ್ನಡಿಯಲ್ಲಿ,ಕನ್ನಡಿಯೇ
ಕೀಲಿ,ಕೀಲಿ,ಕೀಲಿಯನ್ನು,ಕೀಲಿಯಿಂದ,ಕೀಲಿಗೆ,ಕೀಲಿಯಿಂದ,ಕೀಲಿಯ,ಕೀಲಿಯಲ್ಲಿ,ಕೀಲಿಯೇ
ಬೆಣ್ಣೆ,ಬೆಣ್ಣೆ,ಬೆಣ್ಣೆಯನ್ನು,ಬೆಣ್ಣೆಯಿಂದ,ಬೆಣ್ಣೆಗೆ,ಬೆಣ್ಣೆಯಿಂದ,ಬೆಣ್ಣೆಯ,ಬೆಣ್ಣೆಯಲ್ಲಿ,ಬೆಣ್ಣೆಯೇ
ಹೂವು,ಹೂವು,ಹೂವನ್ನು,ಹೂವಿನಿಂದ,ಹೂವಿಗೆ,ಹೂವಿನಿಂದ,ಹೂವಿನ,ಹೂವಿನಲ್ಲಿ,ಹೂವೇ
ಹತ್ತಿ,ಹತ್ತಿ,ಹತ್ತಿಯನ್ನು,ಹತ್ತಿಯಿಂದ,ಹತ್ತಿಗೆ,ಹತ್ತಿಯಿಂದ,ಹತ್ತಿಯ,ಹತ್ತಿಯಲ್ಲಿ,ಹತ್ತಿಯೇ
ಉಪ್ಪು,ಉಪ್ಪು,ಉಪ್ಪನ್ನು,ಉಪ್ಪಿನಿಂದ,ಉಪ್ಪಿಗೆ,ಉಪ್ಪಿನಿಂದ,ಉಪ್ಪಿನ,ಉಪ್ಪಿನಲ್ಲಿ,ಉಪ್ಪೇ
ಸಾಧನೆ,ಸಾಧನೆ,ಸಾಧನೆಯನ್ನು,ಸಾಧನೆಯಿಂದ,ಸಾಧನೆಗೆ,ಸಾಧನೆಯಿಂದ,ಸಾಧನೆಯ,ಸಾಧನೆಯಲ್ಲಿ,ಸಾಧನೆಯೇ
ಮೌಲ್ಯ,ಮೌಲ್ಯ,ಮೌಲ್ಯವನ್ನು,ಮೌಲ್ಯದಿಂದ,ಮೌಲ್ಯಕ್ಕೆ,ಮೌಲ್ಯದಿಂದ,ಮೌಲ್ಯದ,ಮೌಲ್ಯದಲ್ಲಿ,ಮೌಲ್ಯವೇ
ಅನುಮಾನ,ಅನುಮಾನ,ಅನುಮಾನವನ್ನು,ಅನುಮಾನದಿಂದ,ಅನುಮಾನಕ್ಕೆ,ಅನುಮಾನದಿಂದ,ಅನುಮಾನದ,ಅನುಮಾನದಲ್ಲಿ,ಅನುಮಾನವೇ
ಪರಿಚಯ,ಪರಿಚಯ,ಪರಿಚಯವನ್ನು,ಪರಿಚಯದಿಂದ,ಪರಿಚಯಕ್ಕೆ,ಪರಿಚಯದಿಂದ,ಪರಿಚಯದ,ಪರಿಚಯದಲ್ಲಿ,ಪರಿಚಯವೇ
ತೀರ್ಮಾನ,ತೀರ್ಮಾನ,ತೀರ್ಮಾನವನ್ನು,ತೀರ್ಮಾನದಿಂದ,ತೀರ್ಮಾನಕ್ಕೆ,ತೀರ್ಮಾನದಿಂದ,ತೀರ್ಮಾನದ,ತೀರ್ಮಾನದಲ್ಲಿ,ತೀರ್ಮಾನವೇ
ಪ್ರಯಾಣ,ಪ್ರಯಾಣ,ಪ್ರಯಾಣವನ್ನು,ಪ್ರಯಾಣದಿಂದ,ಪ್ರಯಾಣಕ್ಕೆ,ಪ್ರಯಾಣದಿಂದ,ಪ್ರಯಾಣದ,ಪ್ರಯಾಣದಲ್ಲಿ,ಪ್ರಯಾಣವೇ
ಸಂವಹನ,ಸಂವಹನ,ಸಂವಹನವನ್ನು,ಸಂವಹನದಿಂದ,ಸಂವಹನಕ್ಕೆ,ಸಂವಹನದಿಂದ,ಸಂವಹನದ,ಸಂವಹನದಲ್ಲಿ,ಸಂವಹನವೇ
ಗಣಕ,ಗಣಕ,ಗಣಕವನ್ನು,ಗಣಕದಿಂದ,ಗಣಕಕ್ಕೆ,ಗಣಕದಿಂದ,ಗಣಕದ,ಗಣಕದಲ್ಲಿ,ಗಣಕವೇ
ಅಂತ್ಯ,ಅಂತ್ಯ,ಅಂತ್ಯವನ್ನು,ಅಂತ್ಯದಿಂದ,ಅಂತ್ಯಕ್ಕೆ,ಅಂತ್ಯದಿಂದ,ಅಂತ್ಯದ,ಅಂತ್ಯದಲ್ಲಿ,ಅಂತ್ಯವೇ
ಲಾಭ,ಲಾಭ,ಲಾಭವನ್ನು,ಲಾಭದಿಂದ,ಲಾಭಕ್ಕೆ,ಲಾಭದಿಂದ,ಲಾಭದ,ಲಾಭದಲ್ಲಿ,ಲಾಭವೇ
ಖರ್ಚು,ಖರ್ಚು,ಖರ್ಚನ್ನು,ಖರ್ಚಿನಿಂದ,ಖರ್ಚಿಗೆ,ಖರ್ಚಿನಿಂದ,ಖರ್ಚಿನ,ಖರ್ಚಿನಲ್ಲಿ,ಖರ್ಚೇ
ಸಮೂಹ,ಸಮೂಹ,ಸಮೂಹವನ್ನು,ಸಮೂಹದಿಂದ,ಸಮೂಹಕ್ಕೆ,ಸಮೂಹದಿಂದ,ಸಮೂಹದ,ಸಮೂಹದಲ್ಲಿ,ಸಮೂಹವೇ
ಬೆಂಬಲ,ಬೆಂಬಲ,ಬೆಂಬಲವನ್ನು,ಬೆಂಬಲದಿಂದ,ಬೆಂಬಲಕ್ಕೆ,ಬೆಂಬಲದಿಂದ,ಬೆಂಬಲದ,ಬೆಂಬಲದಲ್ಲಿ,ಬೆಂಬಲವೇ
ಸಾಕ್ಷ್ಯ,ಸಾಕ್ಷ್ಯ,ಸಾಕ್ಷ್ಯವನ್ನು,ಸಾಕ್ಷ್ಯದಿಂದ,ಸಾಕ್ಷ್ಯಕ್ಕೆ,ಸಾಕ್ಷ್ಯದಿಂದ,ಸಾಕ್ಷ್ಯದ,ಸಾಕ್ಷ್ಯದಲ್ಲಿ,ಸಾಕ್ಷ್ಯವೇ
ಪವಾಡ,ಪವಾಡ,ಪವಾಡವನ್ನು,ಪವಾಡದಿಂದ,ಪವಾಡಕ್ಕೆ,ಪವಾಡದಿಂದ,ಪವಾಡದ,ಪವಾಡದಲ್ಲಿ,ಪವಾಡವೇ
ಕೋಣೆ,ಕೋಣೆ,ಕೋಣೆಯನ್ನು,ಕೋಣೆಯಿಂದ,ಕೋಣೆಗೆ,ಕೋಣೆಯಿಂದ,ಕೋಣೆಯ,ಕೋಣೆಯಲ್ಲಿ,ಕೋಣೆಯೇ
ಗೋದಾಮು,ಗೋದಾಮು,ಗೋದಾಮನ್ನು,ಗೋದಾಮಿನಿಂದ,ಗೋದಾಮಿಗೆ,ಗೋದಾಮಿನಿಂದ,ಗೋದಾಮಿನ,ಗೋದಾಮಿನಲ್ಲಿ,ಗೋದಾಮೇ
ಕಚೇರಿ,ಕಚೇರಿ,ಕಚೇರಿಯನ್ನು,ಕಚೇರಿಯಿಂದ,ಕಚೇರಿಗೆ,ಕಚೇರಿಯಿಂದ,ಕಚೇರಿಯ,ಕಚೇರಿಯಲ್ಲಿ,ಕಚೇರಿಯೇ
ಮೈದಾನ,ಮೈದಾನ,ಮೈದಾನವನ್ನು,ಮೈದಾನದಿಂದ,ಮೈದಾನಕ್ಕೆ,ಮೈದಾನದಿಂದ,ಮೈದಾನದ,ಮೈದಾನದಲ್ಲಿ,ಮೈದಾನವೇ
ಹೋಟೆಲ್,ಹೋಟೆಲ್,ಹೋಟೆಲನ್ನು,ಹೋಟೆಲಿನಿಂದ,ಹೋಟೆಲಿಗೆ,ಹೋಟೆಲಿನಿಂದ,ಹೋಟೆಲಿನ,ಹೋಟೆಲಿನಲ್ಲಿ,ಹೋಟೆಲೇ
ರಕ್ಷಣಾ,ರಕ್ಷಣಾ,ರಕ್ಷಣೆಯನ್ನು,ರಕ್ಷಣೆಯಿಂದ,ರಕ್ಷಣೆಗೆ,ರಕ್ಷಣೆಯಿಂದ,ರಕ್ಷಣೆಯ,ರಕ್ಷಣೆಯಲ್ಲಿ,ರಕ್ಷಣೆಯೇ
ವ್ಯವಸ್ಥೆ,ವ್ಯವಸ್ಥೆ,ವ್ಯವಸ್ಥೆಯನ್ನು,ವ್ಯವಸ್ಥೆಯಿಂದ,ವ್ಯವಸ್ಥೆಗೆ,ವ್ಯವಸ್ಥೆಯಿಂದ,ವ್ಯವಸ್ಥೆಯ,ವ್ಯವಸ್ಥೆಯಲ್ಲಿ,ವ್ಯವಸ್ಥೆಯೇ
ಉತ್ತರ,ಉತ್ತರ,ಉತ್ತರವನ್ನು,ಉತ್ತರದಿಂದ,ಉತ್ತರಕ್ಕೆ,ಉತ್ತರದಿಂದ,ಉತ್ತರದ,ಉತ್ತರದಲ್ಲಿ,ಉತ್ತರವೇ
ದಕ್ಷಿಣ,ದಕ್ಷಿಣ,ದಕ್ಷಿಣವನ್ನು,ದಕ್ಷಿಣದಿಂದ,ದಕ್ಷಿಣಕ್ಕೆ,ದಕ್ಷಿಣದಿಂದ,ದಕ್ಷಿಣದ,ದಕ್ಷಿಣದಲ್ಲಿ,ದಕ್ಷಿಣವೇ
ಪೂರ್ವ,ಪೂರ್ವ,ಪೂರ್ವವನ್ನು,ಪೂರ್ವದಿಂದ,ಪೂರ್ವಕ್ಕೆ,ಪೂರ್ವದಿಂದ,ಪೂರ್ವದ,ಪೂರ್ವದಲ್ಲಿ,ಪೂರ್ವವೇ
ಪಶ್ಚಿಮ,ಪಶ್ಚಿಮ,ಪಶ್ಚಿಮವನ್ನು,ಪಶ್ಚಿಮದಿಂದ,ಪಶ್ಚಿಮಕ್ಕೆ,ಪಶ್ಚಿಮದಿಂದ,ಪಶ್ಚಿಮದ,ಪಶ್ಚಿಮದಲ್ಲಿ,ಪಶ್ಚಿಮವೇ
ಸಂಖ್ಯೆ,ಸಂಖ್ಯೆ,ಸಂಖ್ಯೆಯನ್ನು,ಸಂಖ್ಯೆಯಿಂದ,ಸಂಖ್ಯೆಗೆ,ಸಂಖ್ಯೆಯಿಂದ,ಸಂಖ್ಯೆಯ,ಸಂಖ್ಯೆಯಲ್ಲಿ,ಸಂಖ್ಯೆಯೇ
ಗುಣ,ಗುಣ,ಗುಣವನ್ನು,ಗುಣದಿಂದ,ಗುಣಕ್ಕೆ,ಗುಣದಿಂದ,ಗುಣದ,ಗುಣದಲ್ಲಿ,ಗುಣವೇ
ವಿದ್ಯುತ್,ವಿದ್ಯುತ್,ವಿದ್ಯುತ್ತನ್ನು,ವಿದ್ಯುತ್ತಿನಿಂದ,ವಿದ್ಯುತ್ತಿಗೆ,ವಿದ್ಯುತ್ತಿನಿಂದ,ವಿದ್ಯುತ್ತಿನ,ವಿದ್ಯುತ್ತಿನಲ್ಲಿ,ವಿದ್ಯುತ್ತೇ
ಉತ್ತೇಜನ,ಉತ್ತೇಜನ,ಉತ್ತೇಜನವನ್ನು,ಉತ್ತೇಜನದಿಂದ,ಉತ್ತೇಜನಕ್ಕೆ,ಉತ್ತೇಜನದಿಂದ,ಉತ್ತೇಜನದ,ಉತ್ತೇಜನದಲ್ಲಿ,ಉತ್ತೇಜನವೇ
ಶುಚಿತ್ವ,ಶುಚಿತ್ವ,ಶುಚಿತ್ವವನ್ನು,ಶುಚಿತ್ವದಿಂದ,ಶುಚಿತ್ವಕ್ಕೆ,ಶುಚಿತ್ವದಿಂದ,ಶುಚಿತ್ವದ,ಶುಚಿತ್ವದಲ್ಲಿ,ಶುಚಿತ್ವವೇ
ಆಹಾರ,ಆಹಾರ,ಆಹಾರವನ್ನು,ಆಹಾರದಿಂದ,ಆಹಾರಕ್ಕೆ,ಆಹಾರದಿಂದ,ಆಹಾರದ,ಆಹಾರದಲ್ಲಿ,ಆಹಾರವೇ
ಚಿಕಿತ್ಸೆ,ಚಿಕಿತ್ಸೆ,ಚಿಕಿತ್ಸೆಯನ್ನು,ಚಿಕಿತ್ಸೆಯಿಂದ,ಚಿಕಿತ್ಸೆಗೆ,ಚಿಕಿತ್ಸೆಯಿಂದ,ಚಿಕಿತ್ಸೆಯ,ಚಿಕಿತ್ಸೆಯಲ್ಲಿ,ಚಿಕಿತ್ಸೆಯೇ
ಫಲಿತಾಂಶ,ಫಲಿತಾಂಶ,ಫಲಿತಾಂಶವನ್ನು,ಫಲಿತಾಂಶದಿಂದ,ಫಲಿತಾಂಶಕ್ಕೆ,ಫಲಿತಾಂಶದಿಂದ,ಫಲಿತಾಂಶದ,ಫಲಿತಾಂಶದಲ್ಲಿ,ಫಲಿತಾಂಶವೇ
ಸಲಹೆ,ಸಲಹೆ,ಸಲಹೆಯನ್ನು,ಸಲಹೆಯಿಂದ,ಸಲಹೆಗೆ,ಸಲಹೆಯಿಂದ,ಸಲಹೆಯ,ಸಲಹೆಯಲ್ಲಿ,ಸಲಹೆಯೇ
ಅಂಶ,ಅಂಶ,ಅಂಶವನ್ನು,ಅಂಶದಿಂದ,ಅಂಶಕ್ಕೆ,ಅಂಶದಿಂದ,ಅಂಶದ,ಅಂಶದಲ್ಲಿ,ಅಂಶವೇ
ಅನುಮತಿ,ಅನುಮತಿ,ಅನುಮತಿಯನ್ನು,ಅನುಮತಿಯಿಂದ,ಅನುಮತಿಗೆ,ಅನುಮತಿಯಿಂದ,ಅನುಮತಿಯ,ಅನುಮತಿಯಲ್ಲಿ,ಅನುಮತಿಯೇ
ಪ್ರತಿಕೃತಿ,ಪ್ರತಿಕೃತಿ,ಪ್ರತಿಕೃತಿಯನ್ನು,ಪ್ರತಿಕೃತಿಯಿಂದ,ಪ್ರತಿಕೃತಿಗೆ,ಪ್ರತಿಕೃತಿಯಿಂದ,ಪ್ರತಿಕೃತಿಯ,ಪ್ರತಿಕೃತಿಯಲ್ಲಿ,ಪ್ರತಿಕೃತಿಯೇ
ಮುಖ್ಯಸ್ಥ,ಮುಖ್ಯಸ್ಥ,ಮುಖ್ಯಸ್ಥನನ್ನು,ಮುಖ್ಯಸ್ಥನಿಂದ,ಮುಖ್ಯಸ್ಥನಿಗೆ,ಮುಖ್ಯಸ್ಥನಿಂದ,ಮುಖ್ಯಸ್ಥನ,ಮುಖ್ಯಸ್ಥನಲ್ಲಿ,ಮುಖ್ಯಸ್ಥನೇ
ಕಾರ್ಯ,ಕಾರ್ಯ,ಕಾರ್ಯವನ್ನು,ಕಾರ್ಯದಿಂದ,ಕಾರ್ಯಕ್ಕೆ,ಕಾರ್ಯದಿಂದ,ಕಾರ್ಯದ,ಕಾರ್ಯದಲ್ಲಿ,ಕಾರ್ಯವೇ
ನಿಯಮ,ನಿಯಮ,ನಿಯಮವನ್ನು,ನಿಯಮದಿಂದ,ನಿಯಮಕ್ಕೆ,ನಿಯಮದಿಂದ,ನಿಯಮದ,ನಿಯಮದಲ್ಲಿ,ನಿಯಮವೇ
ವಿಧಾನ,ವಿಧಾನ,ವಿಧಾನವನ್ನು,ವಿಧಾನದಿಂದ,ವಿಧಾನಕ್ಕೆ,ವಿಧಾನದಿಂದ,ವಿಧಾನದ,ವಿಧಾನದಲ್ಲಿ,ವಿಧಾನವೇ
ಅವಕಾಶ,ಅವಕಾಶ,ಅವಕಾಶವನ್ನು,ಅವಕಾಶದಿಂದ,ಅವಕಾಶಕ್ಕೆ,ಅವಕಾಶದಿಂದ,ಅವಕಾಶದ,ಅವಕಾಶದಲ್ಲಿ,ಅವಕಾಶವೇ
ಆಯೋಗ,ಆಯೋಗ,ಆಯೋಗವನ್ನು,ಆಯೋಗದಿಂದ,ಆಯೋಗಕ್ಕೆ,ಆಯೋಗದಿಂದ,ಆಯೋಗದ,ಆಯೋಗದಲ್ಲಿ,ಆಯೋಗವೇ
ಖಾತೆ,ಖಾತೆ,ಖಾತೆಯನ್ನು,ಖಾತೆಯಿಂದ,ಖಾತೆಗೆ,ಖಾತೆಯಿಂದ,ಖಾತೆಯ,ಖಾತೆಯಲ್ಲಿ,ಖಾತೆಯೇ
ವಲಯ,ವಲಯ,ವಲಯವನ್ನು,ವಲಯದಿಂದ,ವಲಯಕ್ಕೆ,ವಲಯದಿಂದ,ವಲಯದ,ವಲಯದಲ್ಲಿ,ವಲಯವೇ
ಉಪಕರಣ,ಉಪಕರಣ,ಉಪಕರಣವನ್ನು,ಉಪಕರಣದಿಂದ,ಉಪಕರಣಕ್ಕೆ,ಉಪಕರಣದಿಂದ,ಉಪಕರಣದ,ಉಪಕರಣದಲ್ಲಿ,ಉಪಕರಣವೇ
ವೇಗ,ವೇಗ,ವೇಗವನ್ನು,ವೇಗದಿಂದ,ವೇಗಕ್ಕೆ,ವೇಗದಿಂದ,ವೇಗದ,ವೇಗದಲ್ಲಿ,ವೇಗವೇ
ವೃತ್ತ,ವೃತ್ತ,ವೃತ್ತವನ್ನು,ವೃತ್ತದಿಂದ,ವೃತ್ತಕ್ಕೆ,ವೃತ್ತದಿಂದ,ವೃತ್ತದ,ವೃತ್ತದಲ್ಲಿ,ವೃತ್ತವೇ
ಕೋನ,ಕೋನ,ಕೋನವನ್ನು,ಕೋನದಿಂದ,ಕೋನಕ್ಕೆ,ಕೋನದಿಂದ,ಕೋನದ,ಕೋನದಲ್ಲಿ,ಕೋನವೇ
ನೆನಪು,ನೆನಪು,ನೆನಪನ್ನು,ನೆನಪಿನಿಂದ,ನೆನಪಿಗೆ,ನೆನಪಿನಿಂದ,ನೆನಪಿನ,ನೆನಪಿನಲ್ಲಿ,ನೆನಪೇ
ಮತ,ಮತ,ಮತವನ್ನು,ಮತದಿಂದ,ಮತಕ್ಕೆ,ಮತದಿಂದ,ಮತದ,ಮತದಲ್ಲಿ,ಮತವೇ
ಸಮಸ್ಯೆ,ಸಮಸ್ಯೆ,ಸಮಸ್ಯೆಯನ್ನು,ಸಮಸ್ಯೆಯಿಂದ,ಸಮಸ್ಯೆಗೆ,ಸಮಸ್ಯೆಯಿಂದ,ಸಮಸ್ಯೆಯ,ಸಮಸ್ಯೆಯಲ್ಲಿ,ಸಮಸ್ಯೆಯೇ
ಸ್ಥಳ,ಸ್ಥಳ,ಸ್ಥಳವನ್ನು,ಸ್ಥಳದಿಂದ,ಸ್ಥಳಕ್ಕೆ,ಸ್ಥಳದಿಂದ,ಸ್ಥಳದ,ಸ್ಥಳದಲ್ಲಿ,ಸ್ಥಳವೇ
ಕಲೆ,ಕಲೆ,ಕಲೆಯನ್ನು,ಕಲೆಯಿಂದ,ಕಲೆಗೆ,ಕಲೆಯಿಂದ,ಕಲೆಯ,ಕಲೆಯಲ್ಲಿ,ಕಲೆಯೆ
ಮೌಲ್ಯ,ಮೌಲ್ಯ,ಮೌಲ್ಯವನ್ನು,ಮೌಲ್ಯದಿಂದ,ಮೌಲ್ಯಕ್ಕೆ,ಮೌಲ್ಯದಿಂದ,ಮೌಲ್ಯದ,ಮೌಲ್ಯದಲ್ಲಿ,ಮೌಲ್ಯವೇ
ಸಾಲು,ಸಾಲು,ಸಾಲನ್ನು,ಸಾಲಿನಿಂದ,ಸಾಲಿಗೆ,ಸಾಲಿನಿಂದ,ಸಾಲಿನ,ಸಾಲಿನಲ್ಲಿ,ಸಾಲೇ
ದಿನಪತ್ರಿಕೆ,ದಿನಪತ್ರಿಕೆ,ದಿನಪತ್ರಿಕೆಯನ್ನು,ದಿನಪತ್ರಿಕೆಯಿಂದ,ದಿನಪತ್ರಿಕೆಗೆ,ದಿನಪತ್ರಿಕೆಯಿಂದ,ದಿನಪತ್ರಿಕೆಯ,ದಿನಪತ್ರಿಕೆಯಲ್ಲಿ,ದಿನಪತ್ರಿಕೆಯೇ
ಮೋಡ,ಮೋಡ,ಮೋಡವನ್ನು,ಮೋಡದಿಂದ,ಮೋಡಕ್ಕೆ,ಮೋಡದಿಂದ,ಮೋಡದ,ಮೋಡದಲ್ಲಿ,ಮೋಡವೇ
ಮಳೆಯ,ಮಳೆಯ,ಮಳೆಯನ್ನು,ಮಳೆಯಿಂದ,ಮಳೆಗೆ,ಮಳೆಯಿಂದ,ಮಳೆಯ,ಮಳೆಯಲ್ಲಿ,ಮಳೆಯೇ
ಬಂದರು,ಬಂದರು,ಬಂದರನ್ನು,ಬಂದರಿನಿಂದ,ಬಂದರಿಗೆ,ಬಂದರಿನಿಂದ,ಬಂದರಿನ,ಬಂದರಿನಲ್ಲಿ,ಬಂದರೇ
ಸೇವೆ,ಸೇವೆ,ಸೇವೆಯನ್ನು,ಸೇವೆಯಿಂದ,ಸೇವೆಗೆ,ಸೇವೆಯಿಂದ,ಸೇವೆಯ,ಸೇವೆಯಲ್ಲಿ,ಸೇವೆಯೇ
ವರ್ಗ,ವರ್ಗ,ವರ್ಗವನ್ನು,ವರ್ಗದಿಂದ,ವರ್ಗಕ್ಕೆ,ವರ್ಗದಿಂದ,ವರ್ಗದ,ವರ್ಗದಲ್ಲಿ,ವರ್ಗವೇ
ತಂತ್ರಜ್ಞಾನ,ತಂತ್ರಜ್ಞಾನ,ತಂತ್ರಜ್ಞಾನವನ್ನು,ತಂತ್ರಜ್ಞಾನದಿಂದ,ತಂತ್ರಜ್ಞಾನಕ್ಕೆ,ತಂತ್ರಜ್ಞಾನದಿಂದ,ತಂತ್ರಜ್ಞಾನದ,ತಂತ್ರಜ್ಞಾನದಲ್ಲಿ,ತಂತ್ರಜ್ಞಾನವೇ
ಬಾಡಿಗೆ,ಬಾಡಿಗೆ,ಬಾಡಿಗೆಯನ್ನು,ಬಾಡಿಗೆಯಿಂದ,ಬಾಡಿಗೆಗೆ,ಬಾಡಿಗೆಯಿಂದ,ಬಾಡಿಗೆಯ,ಬಾಡಿಗೆಯಲ್ಲಿ,ಬಾಡಿಗೆಯೇ
ಬಟ್ಟೆ,ಬಟ್ಟೆ,ಬಟ್ಟೆಯನ್ನು,ಬಟ್ಟೆಯಿಂದ,ಬಟ್ಟೆಗೆ,ಬಟ್ಟೆಯಿಂದ,ಬಟ್ಟೆಯ,ಬಟ್ಟೆಯಲ್ಲಿ,ಬಟ್ಟೆಯೇ
ಉಳಿತಾಯ,ಉಳಿತಾಯ,ಉಳಿತಾಯವನ್ನು,ಉಳಿತಾಯದಿಂದ,ಉಳಿತಾಯಕ್ಕೆ,ಉಳಿತಾಯದಿಂದ,ಉಳಿತಾಯದ,ಉಳಿತಾಯದಲ್ಲಿ,ಉಳಿತಾಯವೇ
ಸ್ವತ್ತು,ಸ್ವತ್ತು,ಸ್ವತ್ತನ್ನು,ಸ್ವತ್ತಿನಿಂದ,ಸ್ವತ್ತಿಗೆ,ಸ್ವತ್ತಿನಿಂದ,ಸ್ವತ್ತಿನ,ಸ್ವತ್ತಿನಲ್ಲಿ,ಸ್ವತ್ತೇ
ಬೆಳೆ,ಬೆಳೆ,ಬೆಳೆಯನ್ನು,ಬೆಳೆಯಿಂದ,ಬೆಳೆಗೆ,ಬೆಳೆಯಿಂದ,ಬೆಳೆಯ,ಬೆಳೆಯಲ್ಲಿ,ಬೆಳೆಯೇ
ಕನ್ನಡಿಗ,ಕನ್ನಡಿಗ,ಕನ್ನಡಿಗನನ್ನು,ಕನ್ನಡಿಗನಿಂದ,ಕನ್ನಡಿಗನಿಗೆ,ಕನ್ನಡಿಗನಿಂದ,ಕನ್ನಡಿಗನ,ಕನ್ನಡಿಗನಲ್ಲಿ,ಕನ್ನಡಿಗನೇ
ದೇಗುಲ,ದೇಗುಲ,ದೇಗುಲವನ್ನು,ದೇಗುಲದಿಂದ,ದೇಗುಲಕ್ಕೆ,ದೇಗುಲದಿಂದ,ದೇಗುಲದ,ದೇಗುಲದಲ್ಲಿ,ದೇಗುಲವೇ
ಸಂಪರ್ಕ,ಸಂಪರ್ಕ,ಸಂಪರ್ಕವನ್ನು,ಸಂಪರ್ಕದಿಂದ,ಸಂಪರ್ಕಕ್ಕೆ,ಸಂಪರ್ಕದಿಂದ,ಸಂಪರ್ಕದ,ಸಂಪರ್ಕದಲ್ಲಿ,ಸಂಪರ್ಕವೇ
ವ್ಯವಹಾರ,ವ್ಯವಹಾರ,ವ್ಯವಹಾರವನ್ನು,ವ್ಯವಹಾರದಿಂದ,ವ್ಯವಹಾರಕ್ಕೆ,ವ್ಯವಹಾರದಿಂದ,ವ್ಯವಹಾರದ,ವ್ಯವಹಾರದಲ್ಲಿ,ವ್ಯವಹಾರವೇ
ಉದ್ಯಮ,ಉದ್ಯಮ,ಉದ್ಯಮವನ್ನು,ಉದ್ಯಮದಿಂದ,ಉದ್ಯಮಕ್ಕೆ,ಉದ್ಯಮದಿಂದ,ಉದ್ಯಮದ,ಉದ್ಯಮದಲ್ಲಿ,ಉದ್ಯಮವೇ
ಕತ್ತರಿ,ಕತ್ತರಿ,ಕತ್ತರಿಯನ್ನು,ಕತ್ತರಿಯಿಂದ,ಕತ್ತರಿಗೆ,ಕತ್ತರಿಯಿಂದ,ಕತ್ತರಿಯ,ಕತ್ತರಿಯಲ್ಲಿ,ಕತ್ತರಿಯೇ
ಕೋಳಿ,ಕೋಳಿ,ಕೋಳಿಯನ್ನು,ಕೋಳಿಯಿಂದ,ಕೋಳಿಗೆ,ಕೋಳಿಯಿಂದ,ಕೋಳಿಯ,ಕೋಳಿಯಲ್ಲಿ,ಕೋಳಿಯೇ
ಮೀನು,ಮೀನು,ಮೀನನ್ನು,ಮೀನಿನಿಂದ,ಮೀನಿಗೆ,ಮೀನಿನಿಂದ,ಮೀನಿನ,ಮೀನಿನಲ್ಲಿ,ಮೀನೇ
ಹಾಲು,ಹಾಲು,ಹಾಲನ್ನು,ಹಾಲಿನಿಂದ,ಹಾಲಿಗೆ,ಹಾಲಿನಿಂದ,ಹಾಲಿನ,ಹಾಲಿನಲ್ಲಿ,ಹಾಲೇ
ತೈಲ,ತೈಲ,ತೈಲವನ್ನು,ತೈಲದಿಂದ,ತೈಲಕ್ಕೆ,ತೈಲದಿಂದ,ತೈಲದ,ತೈಲದಲ್ಲಿ,ತೈಲವೇ
ಸಕ್ಕರೆ,ಸಕ್ಕರೆ,ಸಕ್ಕರೆಯನ್ನು,ಸಕ್ಕರೆಯಿಂದ,ಸಕ್ಕರೆಗೆ,ಸಕ್ಕರೆಯಿಂದ,ಸಕ್ಕರೆಯ,ಸಕ್ಕರೆಯಲ್ಲಿ,ಸಕ್ಕರೆಯೇ
ಸೀರೆ,ಸೀರೆ,ಸೀರೆಯನ್ನು,ಸೀರೆಯಿಂದ,ಸೀರೆಗೆ,ಸೀರೆಯಿಂದ,ಸೀರೆಯ,ಸೀರೆಯಲ್ಲಿ,ಸೀರೆಯೇ
ಮುಳ್ಳು,ಮುಳ್ಳು,ಮುಳ್ಳನ್ನು,ಮುಳ್ಳಿನಿಂದ,ಮುಳ್ಳಿಗೆ,ಮುಳ್ಳಿನಿಂದ,ಮುಳ್ಳಿನ,ಮುಳ್ಳಿನಲ್ಲಿ,ಮುಳ್ಳೇ
ಪರ್ವ,ಪರ್ವ,ಪರ್ವವನ್ನು,ಪರ್ವದಿಂದ,ಪರ್ವಕ್ಕೆ,ಪರ್ವದಿಂದ,ಪರ್ವದ,ಪರ್ವದಲ್ಲಿ,ಪರ್ವವೇ
ಹೊರೆ,ಹೊರೆ,ಹೊರೆಯನ್ನು,ಹೊರೆಯಿಂದ,ಹೊರಗೆ,ಹೊರೆಯಿಂದ,ಹೊರಯ,ಹೊರೆಯಲ್ಲಿ,ಹೊರೆಯೇ
ಚಾಕು,ಚಾಕು,ಚಾಕುವನ್ನು,ಚಾಕುವಿನಿಂದ,ಚಾಕುವಿಗೆ,ಚಾಕುವಿನಿಂದ,ಚಾಕುವಿನ,ಚಾಕುವಿನಲ್ಲಿ,ಚಾಕುವೇ
ಪೇಪರ್,ಪೇಪರ್,ಪೇಪರನ್ನು,ಪೇಪರಿನಿಂದ,ಪೇಪರಿಗೆ,ಪೇಪರಿನಿಂದ,ಪೇಪರಿನ,ಪೇಪರಿನಲ್ಲಿ,ಪೇಪರೇ
ರಬ್ಬರ್,ರಬ್ಬರ್,ರಬ್ಬರನ್ನು,ರಬ್ಬರಿನಿಂದ,ರಬ್ಬರಿಗೆ,ರಬ್ಬರಿನಿಂದ,ರಬ್ಬರಿನ,ರಬ್ಬರಿನಲ್ಲಿ,ರಬ್ಬರೇ
ಸಾಧನ,ಸಾಧನ,ಸಾಧನವನ್ನು,ಸಾಧನದಿಂದ,ಸಾಧನಕ್ಕೆ,ಸಾಧನದಿಂದ,ಸಾಧನದ,ಸಾಧನದಲ್ಲಿ,ಸಾಧನವೇ
ಹೊಳಲು,ಹೊಳಲು,ಹೊಳಲನ್ನು,ಹೊಳಲಿಂದ,ಹೊಳಲಿಗೆ,ಹೊಳಲಿಂದ,ಹೊಳಲ,ಹೊಳಲಲ್ಲಿ,ಹೊಳಲೇ
ದೇಗುಲ,ದೇಗುಲ,ದೇಗುಲವನ್ನು,ದೇಗುಲದಿಂದ,ದೇಗುಲಕ್ಕೆ,ದೇಗುಲದಿಂದ,ದೇಗುಲದ,ದೇಗುಲದಲ್ಲಿ,ದೇಗುಲವೇ
ವಸ್ತು,ವಸ್ತು,ವಸ್ತುವನ್ನು,ವಸ್ತುವಿನಿಂದ,ವಸ್ತುವಿಗೆ,ವಸ್ತುವಿನಿಂದ,ವಸ್ತುವಿನ,ವಸ್ತುವಿನಲ್ಲಿ,ವಸ್ತುವೇ
ಪ್ರಯಾಣ,ಪ್ರಯಾಣ,ಪ್ರಯಾಣವನ್ನು,ಪ್ರಯಾಣದಿಂದ,ಪ್ರಯಾಣಕ್ಕೆ,ಪ್ರಯಾಣದಿಂದ,ಪ್ರಯಾಣದ,ಪ್ರಯಾಣದಲ್ಲಿ,ಪ್ರಯಾಣವೇ
ಸಮೂಹ,ಸಮೂಹ,ಸಮೂಹವನ್ನು,ಸಮೂಹದಿಂದ,ಸಮೂಹಕ್ಕೆ,ಸಮೂಹದಿಂದ,ಸಮೂಹದ,ಸಮೂಹದಲ್ಲಿ,ಸಮೂಹವೇ
ಅಭಿಪ್ರಾಯ,ಅಭಿಪ್ರಾಯ,ಅಭಿಪ್ರಾಯವನ್ನು,ಅಭಿಪ್ರಾಯದಿಂದ,ಅಭಿಪ್ರಾಯಕ್ಕೆ,ಅಭಿಪ್ರಾಯದಿಂದ,ಅಭಿಪ್ರಾಯದ,ಅಭಿಪ್ರಾಯದಲ್ಲಿ,ಅಭಿಪ್ರಾಯವೇ
ಖರ್ಚು,ಖರ್ಚು,ಖರ್ಚನ್ನು,ಖರ್ಚಿನಿಂದ,ಖರ್ಚಿಗೆ,ಖರ್ಚಿನಿಂದ,ಖರ್ಚಿನ,ಖರ್ಚಿನಲ್ಲಿ,ಖರ್ಚೇ
ರಾಮ,ರಾಮ,ರಾಮನನ್ನು,ರಾಮನಿಂದ,ರಾಮನಿಗೆ,ರಾಮನಿಂದ,ರಾಮನ,ರಾಮನಲ್ಲಿ,ರಾಮನೇ
ಕೃಷ್ಣ,ಕೃಷ್ಣ,ಕೃಷ್ಣನನ್ನು,ಕೃಷ್ಣನಿಂದ,ಕೃಷ್ಣನಿಗೆ,ಕೃಷ್ಣನಿಂದ,ಕೃಷ್ಣನ,ಕೃಷ್ಣನಲ್ಲಿ,ಕೃಷ್ಣನೇ
ಶಿವ,ಶಿವ,ಶಿವನನ್ನು,ಶಿವನಿಂದ,ಶಿವನಿಗೆ,ಶಿವನಿಂದ,ಶಿವನ,ಶಿವನಲ್ಲಿ,ಶಿವನೇ
ವಿಷ್ಣು,ವಿಷ್ಣು,ವಿಷ್ಣುವನ್ನು,ವಿಷ್ಣುವಿನಿಂದ,ವಿಷ್ಣುವಿಗೆ,ವಿಷ್ಣುವಿನಿಂದ,ವಿಷ್ಣುವಿನ,ವಿಷ್ಣುವಿನಲ್ಲಿ,ವಿಷ್ಣುವೇ
ವೆಂಕಟೇಶ,ವೆಂಕಟೇಶ,ವೆಂಕಟೇಶನನ್ನು,ವೆಂಕಟೇಶನಿಂದ,ವೆಂಕಟೇಶನಿಗೆ,ವೆಂಕಟೇಶನಿಂದ,ವೆಂಕಟೇಶನ,ವೆಂಕಟೇಶನಲ್ಲಿ,ವೆಂಕಟೇಶನೇ
ರಂಗನಾಥ,ರಂಗನಾಥ,ರಂಗನಾಥನನ್ನು,ರಂಗನಾಥನಿಂದ,ರಂಗನಾಥನಿಗೆ,ರಂಗನಾಥನಿಂದ,ರಂಗನಾಥನ,ರಂಗನಾಥನಲ್ಲಿ,ರಂಗನಾಥನೇ
ಹರಿ,ಹರಿ,ಹರಿಯನ್ನು,ಹರಿಯಿಂದ,ಹರಿಗೆ,ಹರಿಯಿಂದ,ಹರಿಯ,ಹರಿಯಲ್ಲಿ,ಹರಿಯೇ
ಮುರಳಿ,ಮುರಳಿ,ಮುರಳಿಯನ್ನು,ಮುರಳಿಯಿಂದ,ಮುರಳಿಗೇ,ಮುರಳಿಯಿಂದ,ಮುರಳಿಯ,ಮುರಳಿಯಲ್ಲಿ,ಮುರಳಿಯೇ
ನಾರಾಯಣ,ನಾರಾಯಣ,ನಾರಾಯಣನನ್ನು,ನಾರಾಯಣನಿಂದ,ನಾರಾಯಣನಿಗೆ,ನಾರಾಯಣನಿಂದ,ನಾರಾಯಣನ,ನಾರಾಯಣನಲ್ಲಿ,ನಾರಾಯಣನೇ
ಗೋಪಾಲ,ಗೋಪಾಲ,ಗೋಪಾಲನನ್ನು,ಗೋಪಾಲನಿಂದ,ಗೋಪಾಲನಿಗೆ,ಗೋಪಾಲನಿಂದ,ಗೋಪಾಲನ,ಗೋಪಾಲನಲ್ಲಿ,ಗೋಪಾಲನೇ
ಮಹೇಶ,ಮಹೇಶ,ಮಹೇಶನನ್ನು,ಮಹೇಶನಿಂದ,ಮಹೇಶನಿಗೆ,ಮಹೇಶನಿಂದ,ಮಹೇಶನ,ಮಹೇಶನಲ್ಲಿ,ಮಹೇಶನೇ
ಸುಬ್ರಹ್ಮಣ್ಯ,ಸುಬ್ರಹ್ಮಣ್ಯ,ಸುಬ್ರಹ್ಮಣ್ಯನನ್ನು,ಸುಬ್ರಹ್ಮಣ್ಯನಿಂದ,ಸುಬ್ರಹ್ಮಣ್ಯನಿಗೆ,ಸುಬ್ರಹ್ಮಣ್ಯನಿಂದ,ಸುಬ್ರಹ್ಮಣ್ಯನ,ಸುಬ್ರಹ್ಮಣ್ಯನಲ್ಲಿ,ಸುಬ್ರಹ್ಮಣ್ಯನೇ
ರಾಘವೇಂದ್ರ,ರಾಘವೇಂದ್ರ,ರಾಘವೇಂದ್ರನನ್ನು,ರಾಘವೇಂದ್ರನಿಂದ,ರಾಘವೇಂದ್ರನಿಗೆ,ರಾಘವೇಂದ್ರನಿಂದ,ರಾಘವೇಂದ್ರನ,ರಾಘವೇಂದ್ರನಲ್ಲಿ,ರಾಘವೇಂದ್ರನೇ
ಸೂರ್ಯ,ಸೂರ್ಯ,ಸೂರ್ಯನನ್ನು,ಸೂರ್ಯನಿಂದ,ಸೂರ್ಯನಿಗೆ,ಸೂರ್ಯನಿಂದ,ಸೂರ್ಯನ,ಸೂರ್ಯನಲ್ಲಿ,ಸೂರ್ಯನೇ
ಚಂದ್ರ,ಚಂದ್ರ,ಚಂದ್ರನನ್ನು,ಚಂದ್ರನಿಂದ,ಚಂದ್ರನಿಗೆ,ಚಂದ್ರನಿಂದ,ಚಂದ್ರನ,ಚಂದ್ರನಲ್ಲಿ,ಚಂದ್ರನೇ
ಗಣೇಶ,ಗಣೇಶ,ಗಣೇಶನನ್ನು,ಗಣೇಶನಿಂದ,ಗಣೇಶನಿಗೆ,ಗಣೇಶನಿಂದ,ಗಣೇಶನ,ಗಣೇಶನಲ್ಲಿ,ಗಣೇಶನೇ
ಪರಮೇಶ,ಪರಮೇಶ,ಪರಮೇಶನನ್ನು,ಪರಮೇಶನಿಂದ,ಪರಮೇಶನಿಗೆ,ಪರಮೇಶನಿಂದ,ಪರಮೇಶನ,ಪರಮೇಶನಲ್ಲಿ,ಪರಮೇಶನೇ
ಜಗದೀಶ,ಜಗದೀಶ,ಜಗದೀಶನನ್ನು,ಜಗದೀಶನಿಂದ,ಜಗದೀಶನಿಗೆ,ಜಗದೀಶನಿಂದ,ಜಗದೀಶನ,ಜಗದೀಶನಲ್ಲಿ,ಜಗದೀಶನೇ
ವಿನಾಯಕ,ವಿನಾಯಕ,ವಿನಾಯಕನನ್ನು,ವಿನಾಯಕನಿಂದ,ವಿನಾಯಕನಿಗೆ,ವಿನಾಯಕನಿಂದ,ವಿನಾಯಕನ,ವಿನಾಯಕನಲ್ಲಿ,ವಿನಾಯಕನೇ
ಪ್ರಕಾಶ್,ಪ್ರಕಾಶ್,ಪ್ರಕಾಶನನ್ನು,ಪ್ರಕಾಶನಿಂದ,ಪ್ರಕಾಶನಿಗೆ,ಪ್ರಕಾಶನಿಂದ,ಪ್ರಕಾಶನ,ಪ್ರಕಾಶನಲ್ಲಿ,ಪ್ರಕಾಶನೇ
ರಾಜು,ರಾಜು,ರಾಜುವನ್ನು,ರಾಜುವಿನಿಂದ,ರಾಜುವಿಗೆ,ರಾಜುವಿನಿಂದ,ರಾಜುವಿನ,ರಾಜುವಿನಲ್ಲಿ,ರಾಜುವೇ
ರಾಘವ,ರಾಘವ,ರಾಘವನನ್ನು,ರಾಘವನಿಂದ,ರಾಘವನಿಗೆ,ರಾಘವನಿಂದ,ರಾಘವನ,ರಾಘವನಲ್ಲಿ,ರಾಘವನೇ
ಜಯಂತ್,ಜಯಂತ್,ಜಯಂತನನ್ನು,ಜಯಂತನಿಂದ,ಜಯಂತನಿಗೆ,ಜಯಂತನಿಂದ,ಜಯಂತನ,ಜಯಂತನಲ್ಲಿ,ಜಯಂತನೇ
ಶ್ರೀಧರ,ಶ್ರೀಧರ,ಶ್ರೀಧರನನ್ನು,ಶ್ರೀಧರನಿಂದ,ಶ್ರೀಧರನಿಗೆ,ಶ್ರೀಧರನಿಂದ,ಶ್ರೀಧರನ,ಶ್ರೀಧರನಲ್ಲಿ,ಶ್ರೀಧರನೇ
ಪ್ರಸನ್ನ,ಪ್ರಸನ್ನ,ಪ್ರಸನ್ನನನ್ನು,ಪ್ರಸನ್ನನಿಂದ,ಪ್ರಸನ್ನನಿಗೆ,ಪ್ರಸನ್ನನಿಂದ,ಪ್ರಸನ್ನನ,ಪ್ರಸನ್ನನಲ್ಲಿ,ಪ್ರಸನ್ನನೇ
ಮಂಜುನಾಥ,ಮಂಜುನಾಥ,ಮಂಜುನಾಥನನ್ನು,ಮಂಜುನಾಥನಿಂದ,ಮಂಜುನಾಥನಿಗೆ,ಮಂಜುನಾಥನಿಂದ,ಮಂಜುನಾಥನ,ಮಂಜುನಾಥನಲ್ಲಿ,ಮಂಜುನಾಥನೇ
ರಮೇಶ್,ರಮೇಶ್,ರಮೇಶನನ್ನು,ರಮೇಶನಿಂದ,ರಮೇಶನಿಗೆ,ರಮೇಶನಿಂದ,ರಮೇಶನ,ರಮೇಶನಲ್ಲಿ,ರಮೇಶನೇ
ದಿನೇಶ್,ದಿನೇಶ್,ದಿನೇಶನನ್ನು,ದಿನೇಶನಿಂದ,ದಿನೇಶನಿಗೆ,ದಿನೇಶನಿಂದ,ದಿನೇಶನ,ದಿನೇಶನಲ್ಲಿ,ದಿನೇಶನೇ
ಸುರೇಶ್,ಸುರೇಶ್,ಸುರೇಶನನ್ನು,ಸುರೇಶನಿಂದ,ಸುರೇಶನಿಗೆ,ಸುರೇಶನಿಂದ,ಸುರೇಶನ,ಸುರೇಶನಲ್ಲಿ,ಸುರೇಶನೇ
ಲೋಕೇಶ,ಲೋಕೇಶ,ಲೋಕೇಶನನ್ನು,ಲೋಕೇಶನಿಂದ,ಲೋಕೇಶನಿಗೆ,ಲೋಕೇಶನಿಂದ,ಲೋಕೇಶನ,ಲೋಕೇಶನಲ್ಲಿ,ಲೋಕೇಶನೇ
ನಂದೀಶ,ನಂದೀಶ,ನಂದೀಶನನ್ನು,ನಂದೀಶನಿಂದ,ನಂದೀಶನಿಗೆ,ನಂದೀಶನಿಂದ,ನಂದೀಶನ,ನಂದೀಶನಲ್ಲಿ,ನಂದೀಶನೇ
ಪುನೀತ್,ಪುನೀತ್,ಪುನೀತನನ್ನು,ಪುನೀತನಿಂದ,ಪುನೀತನಿಗೆ,ಪುನೀತನಿಂದ,ಪುನೀತನ,ಪುನೀತನಲ್ಲಿ,ಪುನೀತನೇ
ಅನಂತ್,ಅನಂತ್,ಅನಂತನನ್ನು,ಅನಂತನಿಂದ,ಅನಂತನಿಗೆ,ಅನಂತನಿಂದ,ಅನಂತನ,ಅನಂತನಲ್ಲಿ,ಅನಂತನೇ
ಅನಿಲ್,ಅನಿಲ್,ಅನಿಲನನ್ನು,ಅನಿಲನಿಂದ,ಅನಿಲನಿಗೆ,ಅನಿಲನಿಂದ,ಅನಿಲನ,ಅನಿಲನಲ್ಲಿ,ಅನಿಲನೇ
ಕಿಶೋರ್,ಕಿಶೋರ್,ಕಿಶೋರನನ್ನು,ಕಿಶೋರನಿಂದ,ಕಿಶೋರನಿಗೆ,ಕಿಶೋರನಿಂದ,ಕಿಶೋರನ,ಕಿಶೋರನಲ್ಲಿ,ಕಿಶೋರನೇ
ಮಧುಸೂದನ,ಮಧುಸೂದನ,ಮಧುಸೂದನನನ್ನು,ಮಧುಸೂದನನಿಂದ,ಮಧುಸೂದನನಿಗೆ,ಮಧುಸೂದನನಿಂದ,ಮಧುಸೂದನನ,ಮಧುಸೂದನನಲ್ಲಿ,ಮಧುಸೂದನನೇ
ಕೇಶವ,ಕೇಶವ,ಕೇಶವನನ್ನು,ಕೇಶವನಿಂದ,ಕೇಶವನಿಗೆ,ಕೇಶವನಿಂದ,ಕೇಶವನ,ಕೇಶವನಲ್ಲಿ,ಕೇಶವನೇ
ದೇವದಾಸ್,ದೇವದಾಸ್,ದೇವದಾಸನನ್ನು,ದೇವದಾಸನಿಂದ,ದೇವದಾಸನಿಗೆ,ದೇವದಾಸನಿಂದ,ದೇವದಾಸನ,ದೇವದಾಸನಲ್ಲಿ,ದೇವದಾಸನೇ
ನವೀನ್,ನವೀನ್,ನವೀನನನ್ನು,ನವೀನನಿಂದ,ನವೀನನಿಗೆ,ನವೀನನಿಂದ,ನವೀನನ,ನವೀನನಲ್ಲಿ,ನವೀನನೇ
ಪ್ರದೀಪ್,ಪ್ರದೀಪ್,ಪ್ರದೀಪನನ್ನು,ಪ್ರದೀಪನಿಂದ,ಪ್ರದೀಪನಿಗೆ,ಪ್ರದೀಪನಿಂದ,ಪ್ರದೀಪನ,ಪ್ರದೀಪನಲ್ಲಿ,ಪ್ರದೀಪನೇ
ಸಚಿನ್,ಸಚಿನ್,ಸಚಿನ್‌ನನ್ನು,ಸಚಿನ್‌ನಿಂದ,ಸಚಿನ್‌ನಿಗೆ,ಸಚಿನ್‌ನಿಂದ,ಸಚಿನ್‌ನ,ಸಚಿನ್‌ನಲ್ಲಿ,ಸಚಿನ್‌ನೇ
ಶಂಕರ್,ಶಂಕರ್,ಶಂಕರನನ್ನು,ಶಂಕರನಿಂದ,ಶಂಕರನಿಗೆ,ಶಂಕರನಿಂದ,ಶಂಕರನ,ಶಂಕರನಲ್ಲಿ,ಶಂಕರನೇ
ನರಸಿಂಹ,ನರಸಿಂಹ,ನರಸಿಂಹನನ್ನು,ನರಸಿಂಹನಿಂದ,ನರಸಿಂಹನಿಗೆ,ನರಸಿಂಹನಿಂದ,ನರಸಿಂಹನ,ನರಸಿಂಹನಲ್ಲಿ,ನರಸಿಂಹನೇ
ಶ್ಯಾಮ,ಶ್ಯಾಮ,ಶ್ಯಾಮನನ್ನು,ಶ್ಯಾಮನಿಂದ,ಶ್ಯಾಮನಿಗೆ,ಶ್ಯಾಮನಿಂದ,ಶ್ಯಾಮನ,ಶ್ಯಾಮನಲ್ಲಿ,ಶ್ಯಾಮನೇ
ವಿಜಯ,ವಿಜಯ,ವಿಜಯನನ್ನು,ವಿಜಯನಿಂದ,ವಿಜಯನಿಗೆ,ವಿಜಯನಿಂದ,ವಿಜಯನ,ವಿಜಯನಲ್ಲಿ,ವಿಜಯನೇ
ನಾಗರಾಜ,ನಾಗರಾಜ,ನಾಗರಾಜನನ್ನು,ನಾಗರಾಜನಿಂದ,ನಾಗರಾಜನಿಗೆ,ನಾಗರಾಜನಿಂದ,ನಾಗರಾಜನ,ನಾಗರಾಜನಲ್ಲಿ,ನಾಗರಾಜನೇ
ಯೋಗೇಶ,ಯೋಗೇಶ,ಯೋಗೇಶನನ್ನು,ಯೋಗೇಶನಿಂದ,ಯೋಗೇಶನಿಗೆ,ಯೋಗೇಶನಿಂದ,ಯೋಗೇಶನ,ಯೋಗೇಶನಲ್ಲಿ,ಯೋಗೇಶನೇ
ಭರತ್,ಭರತ್,ಭರತನನ್ನು,ಭರತನಿಂದ,ಭರತನಿಗೆ,ಭರತನಿಂದ,ಭರತನ,ಭರತನಲ್ಲಿ,ಭರತನೇ
ಸತೀಶ್,ಸತೀಶ್,ಸತೀಶನನ್ನು,ಸತೀಶನಿಂದ,ಸತೀಶನಿಗೆ,ಸತೀಶನಿಂದ,ಸತೀಶನ,ಸತೀಶನಲ್ಲಿ,ಸತೀಶನೇ
ಆರವ್,ಆರವ್,ಆರವ್‌ನನ್ನು,ಆರವ್‌ನಿಂದ,ಆರವ್‌ನಿಗೆ,ಆರವ್‌ನಿಂದ,ಆರವ್‌ನ,ಆರವ್‌ನಲ್ಲಿ,ಆರವ್‌ನೇ
ವಿಹಾನ್,ವಿಹಾನ್,ವಿಹಾನ್‌ನನ್ನು,ವಿಹಾನ್‌ನಿಂದ,ವಿಹಾನ್‌ನಿಗೆ,ವಿಹಾನ್‌ನಿಂದ,ವಿಹಾನ್‌ನ,ವಿಹಾನ್‌ನಲ್ಲಿ,ವಿಹಾನ್‌ನೇ
ಅದ್ವೈತ್,ಅದ್ವೈತ್,ಅದ್ವೈತನನ್ನು,ಅದ್ವೈತನಿಂದ,ಅದ್ವೈತನಿಗೆ,ಅದ್ವೈತನಿಂದ,ಅದ್ವೈತನ,ಅದ್ವೈತನಲ್ಲಿ,ಅದ್ವೈತನೇ
ರೇಯಾನ್,ರೇಯಾನ್,ರೇಯಾನ್‌ನನ್ನು,ರೇಯಾನ್‌ನಿಂದ,ರೇಯಾನ್‌ನಿಗೆ,ರೇಯಾನ್‌ನಿಂದ,ರೇಯಾನ್‌ನ,ರೇಯಾನ್‌ನಲ್ಲಿ,ರೇಯಾನ್‌ನೇ
ಲಕಶ್,ಲಕಶ್,ಲಕಶನನ್ನು,ಲಕಶನಿಂದ,ಲಕಶನಿಗೆ,ಲಕಶನಿಂದ,ಲಕಶನ,ಲಕಶನಲ್ಲಿ,ಲಕಶನೇ
ಈಶಾನ್,ಈಶಾನ್,ಈಶಾನ್‌ನನ್ನು,ಈಶಾನ್‌ನಿಂದ,ಈಶಾನ್‌ನಿಗೆ,ಈಶಾನ್‌ನಿಂದ,ಈಶಾನ್‌ನ,ಈಶಾನ್‌ನಲ್ಲಿ,ಈಶಾನ್‌ನೇ
ಚಿರಾಗ್,ಚಿರಾಗ್,ಚಿರಾಗನನ್ನು,ಚಿರಾಗನಿಂದ,ಚಿರಾಗನಿಗೆ,ಚಿರಾಗನಿಂದ,ಚಿರಾಗನ,ಚಿರಾಗನಲ್ಲಿ,ಚಿರಾಗನೇ
ಯುವನ್,ಯುವನ್,ಯುವನ್‌ನನ್ನು,ಯುವನ್‌ನಿಂದ,ಯುವನ್‌ನಿಗೆ,ಯುವನ್‌ನಿಂದ,ಯುವನ್‌ನ,ಯುವನ್‌ನಲ್ಲಿ,ಯುವನ್‌ನೇ
ನಿವಾನ್,ನಿವಾನ್,ನಿವಾನ್‌ನನ್ನು,ನಿವಾನ್‌ನಿಂದ,ನಿವಾನ್‌ನಿಗೆ,ನಿವಾನ್‌ನಿಂದ,ನಿವಾನ್‌ನ,ನಿವಾನ್‌ನಲ್ಲಿ,ನಿವಾನ್‌ನೇ
ಅನ್ವಿತ್,ಅನ್ವಿತ್,ಅನ್ವಿತನನ್ನು,ಅನ್ವಿತನಿಂದ,ಅನ್ವಿತನಿಗೆ,ಅನ್ವಿತನಿಂದ,ಅನ್ವಿತನ,ಅನ್ವಿತನಲ್ಲಿ,ಅನ್ವಿತನೇ
ಆರ್ಯನ್,ಆರ್ಯನ್,ಆರ್ಯನ್‌ನನ್ನು,ಆರ್ಯನ್‌ನಿಂದ,ಆರ್ಯನ್‌ನಿಗೆ,ಆರ್ಯನ್‌ನಿಂದ,ಆರ್ಯನ್‌ನ,ಆರ್ಯನ್‌ನಲ್ಲಿ,ಆರ್ಯನ್‌ನೇ
ಧ್ರುವ್,ಧ್ರುವ್,ಧ್ರುವನನ್ನು,ಧ್ರುವನಿಂದ,ಧ್ರುವನಿಗೆ,ಧ್ರುವನಿಂದ,ಧ್ರುವನ,ಧ್ರುವನಲ್ಲಿ,ಧ್ರುವನೇ
ರಿಷಾನ್,ರಿಷಾನ್,ರಿಷಾನ್‌ನನ್ನು,ರಿಷಾನ್‌ನಿಂದ,ರಿಷಾನ್‌ನಿಗೆ,ರಿಷಾನ್‌ನಿಂದ,ರಿಷಾನ್‌ನ,ರಿಷಾನ್‌ನಲ್ಲಿ,ರಿಷಾನ್‌ನೇ
ಶೌರ್ಯ,ಶೌರ್ಯ,ಶೌರ್ಯನನ್ನು,ಶೌರ್ಯನಿಂದ,ಶೌರ್ಯನಿಗೆ,ಶೌರ್ಯನಿಂದ,ಶೌರ್ಯನ,ಶೌರ್ಯನಲ್ಲಿ,ಶೌರ್ಯನೇ
ಅಥರ್ವ,ಅಥರ್ವ,ಅಥರ್ವನನ್ನು,ಅಥರ್ವನಿಂದ,ಅಥರ್ವನಿಗೆ,ಅಥರ್ವನಿಂದ,ಅಥರ್ವನ,ಅಥರ್ವನಲ್ಲಿ,ಅಥರ್ವನೇ
ಪ್ರಣವ್,ಪ್ರಣವ್,ಪ್ರಣವನನ್ನು,ಪ್ರಣವನಿಂದ,ಪ್ರಣವನಿಗೆ,ಪ್ರಣವನಿಂದ,ಪ್ರಣವನ,ಪ್ರಣವನಲ್ಲಿ,ಪ್ರಣವನೇ
ಅಕ್ಷಯ್,ಅಕ್ಷಯ್,ಅಕ್ಷಯ್‌ನನ್ನು,ಅಕ್ಷಯ್‌ನಿಂದ,ಅಕ್ಷಯ್‌ನಿಗೆ,ಅಕ್ಷಯ್‌ನಿಂದ,ಅಕ್ಷಯ್‌ನ,ಅಕ್ಷಯ್‌ನಲ್ಲಿ,ಅಕ್ಷಯ್‌ನೇ
ಕಿಯಾನ್,ಕಿಯಾನ್,ಕಿಯಾನ್‌ನನ್ನು,ಕಿಯಾನ್‌ನಿಂದ,ಕಿಯಾನ್‌ನಿಗೆ,ಕಿಯಾನ್‌ನಿಂದ,ಕಿಯಾನ್‌ನ,ಕಿಯಾನ್‌ನಲ್ಲಿ,ಕಿಯಾನ್‌ನೇ
ಅನ್ಶುಲ್,ಅನ್ಶುಲ್,ಅನ್ಶುಲನನ್ನು,ಅನ್ಶುಲನಿಂದ,ಅನ್ಶುಲನಿಗೆ,ಅನ್ಶುಲನಿಂದ,ಅನ್ಶುಲನ,ಅನ್ಶುಲನಲ್ಲಿ,ಅನ್ಶುಲನೇ
ಶ್ರೇಯಸ್,ಶ್ರೇಯಸ್,ಶ್ರೇಯಸನನ್ನು,ಶ್ರೇಯಸನಿಂದ,ಶ್ರೇಯಸನಿಗೆ,ಶ್ರೇಯಸನಿಂದ,ಶ್ರೇಯಸನ,ಶ್ರೇಯಸನಲ್ಲಿ,ಶ್ರೇಯಸನೇ
ವತ್ಸಲ್,ವತ್ಸಲ್,ವತ್ಸಲನನ್ನು,ವತ್ಸಲನಿಂದ,ವತ್ಸಲನಿಗೆ,ವತ್ಸಲನಿಂದ,ವತ್ಸಲನ,ವತ್ಸಲನಲ್ಲಿ,ವತ್ಸಲನೇ
ನಿಖಿಲ್,ನಿಖಿಲ್,ನಿಖಿಲನನ್ನು,ನಿಖಿಲನಿಂದ,ನಿಖಿಲನಿಗೆ,ನಿಖಿಲನಿಂದ,ನಿಖಿಲನ,ನಿಖಿಲನಲ್ಲಿ,ನಿಖಿಲನೇ
ಕೌಶಿಕ್,ಕೌಶಿಕ್,ಕೌಶಿಕನನ್ನು,ಕೌಶಿಕನಿಂದ,ಕೌಶಿಕನಿಗೆ,ಕೌಶಿಕನಿಂದ,ಕೌಶಿಕನ,ಕೌಶಿಕನಲ್ಲಿ,ಕೌಶಿಕನೇ
ಸಮರ್ಥ,ಸಮರ್ಥ,ಸಮರ್ಥನನ್ನು,ಸಮರ್ಥನಿಂದ,ಸಮರ್ಥನಿಗೆ,ಸಮರ್ಥನಿಂದ,ಸಮರ್ಥನ,ಸಮರ್ಥನಲ್ಲಿ,ಸಮರ್ಥನೇ
ಗೌತಮ್,ಗೌತಮ್,ಗೌತಮನ್ನ,ಗೌತಮನಿಂದ,ಗೌತಮನಿಗೆ,ಗೌತಮನಿಂದ,ಗೌತಮನ,ಗೌತಮಿನಲ್ಲಿ,ಗೌತಮನೇ
ಅಖಿಲ್,ಅಖಿಲ್,ಅಖಿಲನನ್ನು,ಅಖಿಲನಿಂದ,ಅಖಿಲನಿಗೆ,ಅಖಿಲನಿಂದ,ಅಖಿಲನ,ಅಖಿಲನಲ್ಲಿ,ಅಖಿಲನೇ
ರಾಹುಲ್,ರಾಹುಲ್,ರಾಹುಲನನ್ನು,ರಾಹುಲನಿಂದ,ರಾಹುಲನಿಗೆ,ರಾಹುಲನಿಂದ,ರಾಹುಲನ,ರಾಹುಲನಲ್ಲಿ,ರಾಹುಲನೇ
ರೋಹನ್,ರೋಹನ್,ರೋಹನ್‌ನನ್ನು,ರೋಹನ್‌ನಿಂದ,ರೋಹನ್‌ನಿಗೆ,ರೋಹನ್‌ನಿಂದ,ರೋಹನ್‌ನ,ರೋಹನ್‌ನಲ್ಲಿ,ರೋಹನ್‌ನೇ
ವಿಶ್ವಾಸ್,ವಿಶ್ವಾಸ್,ವಿಶ್ವಾಸನನ್ನು,ವಿಶ್ವಾಸನಿಂದ,ವಿಶ್ವಾಸನಿಗೆ,ವಿಶ್ವಾಸನಿಂದ,ವಿಶ್ವಾಸನ,ವಿಶ್ವಾಸನಲ್ಲಿ,ವಿಶ್ವಾಸನೇ
ಸಿದ್ಧಾಂತ್,ಸಿದ್ಧಾಂತ್,ಸಿದ್ಧಾಂತನನ್ನು,ಸಿದ್ಧಾಂತನಿಂದ,ಸಿದ್ಧಾಂತನಿಗೆ,ಸಿದ್ಧಾಂತನಿಂದ,ಸಿದ್ಧಾಂತನ,ಸಿದ್ಧಾಂತನಲ್ಲಿ,ಸಿದ್ಧಾಂತನೇ
ನಿಶಾಂತ್,ನಿಶಾಂತ್,ನಿಶಾಂತನನ್ನು,ನಿಶಾಂತನಿಂದ,ನಿಶಾಂತನಿಗೆ,ನಿಶಾಂತನಿಂದ,ನಿಶಾಂತನ,ನಿಶಾಂತ್ನಲ್ಲಿ,ನಿಶಾಂತ್ನೇ
ದೀಪಕ್,ದೀಪಕ್,ದೀಪಕನನ್ನು,ದೀಪಕನಿಂದ,ದೀಪಕನಿಗೆ,ದೀಪಕನಿಂದ,ದೀಪಕನ,ದೀಪಕನಲ್ಲಿ,ದೀಪಕನೇ
ತೇಜಸ್,ತೇಜಸ್,ತೇಜಸನನ್ನು,ತೇಜಸನಿಂದ,ತೇಜಸನಿಗೆ,ತೇಜಸನಿಂದ,ತೇಜಸನ,ತೇಜಸನಲ್ಲಿ,ತೇಜಸನೇ
ಸಚಿತ್,ಸಚಿತ್,ಸಚಿತನನ್ನು,ಸಚಿತನಿಂದ,ಸಚಿತನಿಗೆ,ಸಚಿತನಿಂದ,ಸಚಿತನ,ಸಚಿತ್ನಲ್ಲಿ,ಸಚಿತ್ನೇ
ಚೇತನ್,ಚೇತನ್,ಚೇತನನನ್ನು,ಚೇತನನಿಂದ,ಚೇತನನಿಗೆ,ಚೇತನನಿಂದ,ಚೇತನನ,ಚೇತನನಲ್ಲಿ,ಚೇತನನೇ
ಜೀವನ್,ಜೀವನ್,ಜೀವನನನ್ನು,ಜೀವನನಿಂದ,ಜೀವನನಿಗೆ,ಜೀವನನಿಂದ,ಜೀವನನ,ಜೀವನನಲ್ಲಿ,ಜೀವನನೇ
ಯಶಸ್,ಯಶಸ್,ಯಶಸ್ಸನ್ನು,ಯಶಸ್ಸಿನಿಂದ,ಯಶಸ್ಸಿಗೆ,ಯಶಸ್ಸಿನಿಂದ,ಯಶಸ್ಸಿನ,ಯಶಸ್ಸಿನಲ್ಲಿ,ಯಶಸ್ಸೇ
ಆದಿತ್ಯ,ಆದಿತ್ಯ,ಆದಿತ್ಯನನ್ನು,ಆದಿತ್ಯನಿಂದ,ಆದಿತ್ಯನಿಗೆ,ಆದಿತ್ಯನಿಂದ,ಆದಿತ್ಯನ,ಆದಿತ್ಯನಲ್ಲಿ,ಆದಿತ್ಯನೇ
ಅನ್ಮೋಲ್,ಅನ್ಮೋಲ್,ಅನ್ಮೋಲನನ್ನು,ಅನ್ಮೋಲನಿಂದ,ಅನ್ಮೋಲನಿಗೆ,ಅನ್ಮೋಲನಿಂದ,ಅನ್ಮೋಲನ,ಅನ್ಮೋಲನಲ್ಲಿ,ಅನ್ಮೋಲನೇ
ಅಭಿಷೇಕ್,ಅಭಿಷೇಕ್,ಅಭಿಷೇಕನನ್ನು,ಅಭಿಷೇಕನಿಂದ,ಅಭಿಷೇಕನಿಗೆ,ಅಭಿಷೇಕನಿಂದ,ಅಭಿಷೇಕನ,ಅಭಿಷೇಕನಲ್ಲಿ,ಅಭಿಷೇಕನೇ
ವರುಣ್,ವರುಣ್,ವರುಣನನ್ನು,ವರುಣನಿಂದ,ವರುಣನಿಗೆ,ವರುಣನಿಂದ,ವರುಣನ,ವರುಣನಲ್ಲಿ,ವರುಣನೇ
ಆಶೀಶ್,ಆಶೀಶ್,ಆಶೀಶನನ್ನು,ಆಶೀಶನಿಂದ,ಆಶೀಶನಿಗೆ,ಆಶೀಶನಿಂದ,ಆಶೀಶನ,ಆಶೀಶನಲ್ಲಿ,ಆಶೀಶನೇ
ಗೌರವ್,ಗೌರವ್,ಗೌರವನನ್ನು,ಗೌರವನಿಂದ,ಗೌರವನಿಗೆ,ಗೌರವನಿಂದ,ಗೌರವನ,ಗೌರವನಲ್ಲಿ,ಗೌರವನೇ
ಉಜ್ವಲ್,ಉಜ್ವಲ್,ಉಜ್ವಲನನ್ನು,ಉಜ್ವಲನಿಂದ,ಉಜ್ವಲನಿಗೆ,ಉಜ್ವಲನಿಂದ,ಉಜ್ವಲನ,ಉಜ್ವಲನಲ್ಲಿ,ಉಜ್ವಲನೇ
ವಿನಯ್,ವಿನಯ್,ವಿನಯನನ್ನು,ವಿನಯನಿಂದ,ವಿನಯನಿಗೆ,ವಿನಯನಿಂದ,ವಿನಯನ,ವಿನಯನಲ್ಲಿ,ವಿನಯನೇ
ಶ್ರವಣ್,ಶ್ರವಣ್,ಶ್ರವಣನನ್ನು,ಶ್ರವಣನಿಂದ,ಶ್ರವಣನಿಗೆ,ಶ್ರವಣನಿಂದ,ಶ್ರವಣನ,ಶ್ರವಣನಲ್ಲಿ,ಶ್ರವಣನೇ
ನಿರಂಜನ್,ನಿರಂಜನ್,ನಿರಂಜನನನ್ನು,ನಿರಂಜನನಿಂದ,ನಿರಂಜನನಿಗೆ,ನಿರಂಜನನಿಂದ,ನಿರಂಜನನ,ನಿರಂಜನನಲ್ಲಿ,ನಿರಂಜನನೇ
ಸಾರ್ಥಕ್,ಸಾರ್ಥಕ್,ಸಾರ್ಥಕನನ್ನು,ಸಾರ್ಥಕನಿಂದ,ಸಾರ್ಥಕನಿಗೆ,ಸಾರ್ಥಕನಿಂದ,ಸಾರ್ಥಕನ,ಸಾರ್ಥಕನಲ್ಲಿ,ಸಾರ್ಥಕನೇ
ಅನ್ವೇಷ್,ಅನ್ವೇಷ್,ಅನ್ವೇಷನನ್ನು,ಅನ್ವೇಷನಿಂದ,ಅನ್ವೇಷನಿಗೆ,ಅನ್ವೇಷನಿಂದ,ಅನ್ವೇಷನ,ಅನ್ವೇಷನಲ್ಲಿ,ಅನ್ವೇಷನೇ
ಮಯೂರ್,ಮಯೂರ್,ಮಯೂರನನ್ನು,ಮಯೂರನಿಂದ,ಮಯೂರನಿಗೆ,ಮಯೂರನಿಂದ,ಮಯೂರನ,ಮಯೂರನಲ್ಲಿ,ಮಯೂರನೇ
ಲಕ್ಷ್ಮಿ,ಲಕ್ಷ್ಮಿ,ಲಕ್ಷ್ಮಿಯನ್ನು,ಲಕ್ಷ್ಮಿಯಿಂದ,ಲಕ್ಷ್ಮಿಗೆ,ಲಕ್ಷ್ಮಿಯಿಂದ,ಲಕ್ಷ್ಮಿಯ,ಲಕ್ಷ್ಮಿಯಲ್ಲಿ,ಲಕ್ಷ್ಮಿಯೇ
ಸರಸ್ವತಿ,ಸರಸ್ವತಿ,ಸರಸ್ವತಿಯನ್ನು,ಸರಸ್ವತಿಯಿಂದ,ಸರಸ್ವತಿಗೆ,ಸರಸ್ವತಿಯಿಂದ,ಸರಸ್ವತಿಯ,ಸರಸ್ವತಿಯಲ್ಲಿ,ಸರಸ್ವತಿಯೇ
ಪಾರ್ವತಿ,ಪಾರ್ವತಿ,ಪಾರ್ವತಿಯನ್ನು,ಪಾರ್ವತಿಯಿಂದ,ಪಾರ್ವತಿಗೆ,ಪಾರ್ವತಿಯಿಂದ,ಪಾರ್ವತಿಯ,ಪಾರ್ವತಿಯಲ್ಲಿ,ಪಾರ್ವತಿಯೇ
ಗಾಯತ್ರಿ,ಗಾಯತ್ರಿ,ಗಾಯತ್ರಿಯನ್ನು,ಗಾಯತ್ರಿಯಿಂದ,ಗಾಯತ್ರಿಗೆ,ಗಾಯತ್ರಿಯಿಂದ,ಗಾಯತ್ರಿಯ,ಗಾಯತ್ರಿಯಲ್ಲಿ,ಗಾಯತ್ರಿಯೇ
ಸೀತಾ,ಸೀತಾ,ಸೀತೆಯನ್ನು,ಸೀತೆಯಿಂದ,ಸೀತೆಗೆ,ಸೀತೆಯಿಂದ,ಸೀತೆಯ,ಸೀತೆಯಲ್ಲಿ,ಸೀತೆಯೇ
ರಾಧಾ,ರಾಧಾ,ರಾಧೆಯನ್ನು,ರಾಧೆಯಿಂದ,ರಾಧೆಗೆ,ರಾಧೆಯಿಂದ,ರಾಧೆಯ,ರಾಧೆಯಲ್ಲಿ,ರಾಧೆಯೇ
ಮೀರಾ,ಮೀರಾ,ಮೀರೆಯನ್ನು,ಮೀರೆಯಿಂದ,ಮೀರೆಗೆ,ಮೀರೆಯಿಂದ,ಮೀರೆಯ,ಮೀರೆಯಲ್ಲಿ,ಮೀರೆಯೇ
ರುಕ್ಮಿಣಿ,ರುಕ್ಮಿಣಿ,ರುಕ್ಮಿಣಿಯನ್ನು,ರುಕ್ಮಿಣಿಯಿಂದ,ರುಕ್ಮಿಣಿಗೆ,ರುಕ್ಮಿಣಿಯಿಂದ,ರುಕ್ಮಿಣಿಯ,ರುಕ್ಮಿಣಿಯಲ್ಲಿ,ರುಕ್ಮಿಣಿಯೇ
ಜಯಲಕ್ಷ್ಮಿ,ಜಯಲಕ್ಷ್ಮಿ,ಜಯಲಕ್ಷ್ಮಿಯನ್ನು,ಜಯಲಕ್ಷ್ಮಿಯಿಂದ,ಜಯಲಕ್ಷ್ಮಿಗೆ,ಜಯಲಕ್ಷ್ಮಿಯಿಂದ,ಜಯಲಕ್ಷ್ಮಿಯ,ಜಯಲಕ್ಷ್ಮಿಯಲ್ಲಿ,ಜಯಲಕ್ಷ್ಮಿಯೇ
ಅಂಬಿಕಾ,ಅಂಬಿಕಾ,ಅಂಬಿಕೆಯನ್ನು,ಅಂಬಿಕೆಯಿಂದ,ಅಂಬಿಕೆಗೆ,ಅಂಬಿಕೆಯಿಂದ,ಅಂಬಿಕೆಯ,ಅಂಬಿಕೆಯಲ್ಲಿ,ಅಂಬಿಕೆಯೇ
ದುರ್ಗಾ,ದುರ್ಗಾ,ದುರ್ಗೆಯನ್ನು,ದುರ್ಗೆಯಿಂದ,ದುರ್ಗೆಗೆ,ದುರ್ಗೆಯಿಂದ,ದುರ್ಗೆಯ,ದುರ್ಗೆಯಲ್ಲಿ,ದುರ್ಗೆಯೇ
ಅನ್ನಪೂರ್ಣಾ,ಅನ್ನಪೂರ್ಣಾ,ಅನ್ನಪೂರ್ಣೆಯನ್ನು,ಅನ್ನಪೂರ್ಣೆಯಿಂದ,ಅನ್ನಪೂರ್ಣೆಗೆ,ಅನ್ನಪೂರ್ಣೆಯಿಂದ,ಅನ್ನಪೂರ್ಣೆಯ,ಅನ್ನಪೂರ್ಣೆಯಲ್ಲಿ,ಅನ್ನಪೂರ್ಣೆಯೇ
ವೈಷ್ಣವಿ,ವೈಷ್ಣವಿ,ವೈಷ್ಣವಿಯನ್ನು,ವೈಷ್ಣವಿಯಿಂದ,ವೈಷ್ಣವಿಗೆ,ವೈಷ್ಣವಿಯಿಂದ,ವೈಷ್ಣವಿಯ,ವೈಷ್ಣವಿಯಲ್ಲಿ,ವೈಷ್ಣವಿಯೇ
ಇಂದಿರಾ,ಇಂದಿರಾ,ಇಂದಿರೆಯನ್ನು,ಇಂದಿರೆಯಿಂದ,ಇಂದಿರೆಗೆ,ಇಂದಿರೆಯಿಂದ,ಇಂದಿರೆಯ,ಇಂದಿರೆಯಲ್ಲಿ,ಇಂದಿರೆಯೇ
ಕಾವೇರಿ,ಕಾವೇರಿ,ಕಾವೇರಿಯನ್ನು,ಕಾವೇರಿಯಿಂದ,ಕಾವೇರಿಗೆ,ಕಾವೇರಿಯಿಂದ,ಕಾವೇರಿಯ,ಕಾವೇರಿಯಲ್ಲಿ,ಕಾವೇರಿಯೇ
ರೇವತಿ,ರೇವತಿ,ರೇವತಿಯನ್ನು,ರೇವತಿಯಿಂದ,ರೇವತಿಗೆ,ರೇವತಿಯಿಂದ,ರೇವತಿಯ,ರೇವತಿಯಲ್ಲಿ,ರೇವತಿಯೇ
ಪದ್ಮಾ,ಪದ್ಮಾ,ಪದ್ಮೆಯನ್ನು,ಪದ್ಮೆಯಿಂದ,ಪದ್ಮೆಗೆ,ಪದ್ಮೆಯಿಂದ,ಪದ್ಮೆಯ,ಪದ್ಮೆಯಲ್ಲಿ,ಪದ್ಮೆಯೇ
ಸುಮತಿ,ಸುಮತಿ,ಸುಮತಿಯನ್ನು,ಸುಮತಿಯಿಂದ,ಸುಮತಿಗೆ,ಸುಮತಿಯಿಂದ,ಸುಮತಿಯ,ಸುಮತಿಯಲ್ಲಿ,ಸುಮತಿಯೇ
ಶಾರದಾ,ಶಾರದಾ,ಶಾರದೆಯನ್ನು,ಶಾರದೆ ಯಿಂದ,ಶಾರದೆಗೆ,ಶಾರದೆ ಯಿಂದ,ಶಾರದೆ ಯ,ಶಾರದೆ ಯಲ್ಲಿ,ಶಾರದೆ ಯೇ
ಗೌರಿ,ಗೌರಿ,ಗೌರಿಯನ್ನು,ಗೌರಿಯಿಂದ,ಗೌರಿಗೆ,ಗೌರಿಯಿಂದ,ಗೌರಿಯ,ಗೌರಿಯಲ್ಲಿ,ಗೌರಿಯೇ
ಉಮಾ,ಉಮಾ,ಉಮೆಯನ್ನು,ಉಮೆಯಿಂದ,ಉಮೆಗೆ,ಉಮೆಯಿಂದ,ಉಮೆಯ,ಉಮೆಯಲ್ಲಿ,ಉಮೆಯೇ
ಮಾಧವಿ,ಮಾಧವಿ,ಮಾಧವಿಯನ್ನು,ಮಾಧವಿಯಿಂದ,ಮಾಧವಿಗೆ,ಮಾಧವಿಯಿಂದ,ಮಾಧವಿಯ,ಮಾಧವಿಯಲ್ಲಿ,ಮಾಧವಿಯೇ
ಸುಧಾ,ಸುಧಾ,ಸುಧೆಯನ್ನು,ಸುಧೆಯಿಂದ,ಸುಧೆಗೆ,ಸುಧೆಯಿಂದ,ಸುಧೆಯ,ಸುಧೆಯಲ್ಲಿ,ಸುಧೆಯೇ
ರೇಖಾ,ರೇಖಾ,ರೇಖೆಯನ್ನು,ರೇಖೆಯಿಂದ,ರೇಖೆಗೆ,ರೇಖೆಯಿಂದ,ರೇಖೆಯ,ರೇಖೆಯಲ್ಲಿ,ರೇಖೆಯೇ
ಮಂಜುಳಾ,ಮಂಜುಳಾ,ಮಂಜುಳೆಯನ್ನು,ಮಂಜುಳೆಯಿಂದ,ಮಂಜುಳೆಗೆ,ಮಂಜುಳೆಯಿಂದ,ಮಂಜುಳೆಯ,ಮಂಜುಳೆಯಲ್ಲಿ,ಮಂಜುಳೆಯೇ
ಪ್ರತಿಭಾ,ಪ್ರತಿಭಾ,ಪ್ರತಿಭೆಯನ್ನು,ಪ್ರತಿಭೆಯಿಂದ,ಪ್ರತಿಭೆಗೆ,ಪ್ರತಿಭೆಯಿಂದ,ಪ್ರತಿಭೆಯ,ಪ್ರತಿಭೆಯಲ್ಲಿ,ಪ್ರತಿಭೆಯೇ
ವಂದನಾ,ವಂದನಾ,ವಂದನೆಯನ್ನು,ವಂದನೆಯಿಂದ,ವಂದನೆಗೆ,ವಂದನೆಯಿಂದ,ವಂದನೆಯ,ವಂದನೆಯಲ್ಲಿ,ವಂದನೆಯೇ
ಅನುಷಾ,ಅನುಷಾ,ಅನುಷೆಯನ್ನು,ಅನುಷೆಯಿಂದ,ಅನುಷೆಗೆ,ಅನುಷೆಯಿಂದ,ಅನುಷೆಯ,ಅನುಷೆಯಲ್ಲಿ,ಅನುಷೆಯೇ
ದೀಪಾ,ದೀಪಾ,ದೀಪೆಯನ್ನು,ದೀಪೆಯಿಂದ,ದೀಪೆಗೆ,ದೀಪೆಯಿಂದ,ದೀಪೆಯ,ದೀಪೆಯಲ್ಲಿ,ದೀಪೆಯೇ
ಶ್ವೇತಾ,ಶ್ವೇತಾ,ಶ್ವೇತೆಯನ್ನು,ಶ್ವೇತೆಯಿಂದ,ಶ್ವೇತೆಗೆ,ಶ್ವೇತೆಯಿಂದ,ಶ್ವೇತೆಯ,ಶ್ವೇತೆಯಲ್ಲಿ,ಶ್ವೇತೆಯೇ
ಸನ್ವಿ,ಸನ್ವಿ,ಸನ್ವಿಯನ್ನು,ಸನ್ವಿಯಿಂದ,ಸನ್ವಿಗೆ,ಸನ್ವಿಯಿಂದ,ಸನ್ವಿಯ,ಸನ್ವಿಯಲ್ಲಿ,ಸನ್ವಿಯೇ
ಆರಾಧ್ಯ,ಆರಾಧ್ಯ,ಆರಾಧ್ಯಳನ್ನು,ಆರಾಧ್ಯಳಿಂದ,ಆರಾಧ್ಯಳಿಗೆ,ಆರಾಧ್ಯಳಿಂದ,ಆರಾಧ್ಯಳ,ಆರಾಧ್ಯಳಲ್ಲಿ,ಆರಾಧ್ಯಳೇ
ನವ್ಯ,ನವ್ಯ,ನವ್ಯಳನ್ನು,ನವ್ಯಳಿಂದ,ನವ್ಯಳಿಗೆ,ನವ್ಯಳಿಂದ,ನವ್ಯಳ,ನವ್ಯಳಲ್ಲಿ,ನವ್ಯಳೇ
ಚಾರ್ವಿ,ಚಾರ್ವಿ,ಚಾರ್ವಿಯನ್ನು,ಚಾರ್ವಿಯಿಂದ,ಚಾರ್ವಿಗೆ,ಚಾರ್ವಿಯಿಂದ,ಚಾರ್ವಿಯ,ಚಾರ್ವಿಯಲ್ಲಿ,ಚಾರ್ವಿಯೇ
ದಿಶಾ,ದಿಶಾ,ದಿಶೆಯನ್ನು,ದಿಶೆಯಿಂದ,ದಿಶೆಗೆ,ದಿಶೆಯಿಂದ,ದಿಶೆಯ,ದಿಶೆಯಲ್ಲಿ,ದಿಶೆಯೇ
ಪ್ರಿಶಾ,ಪ್ರಿಶಾ,ಪ್ರಿಶೆಯನ್ನು,ಪ್ರಿಶೆಯಿಂದ,ಪ್ರಿಶೆಗೆ,ಪ್ರಿಶೆಯಿಂದ,ಪ್ರಿಶೆಯ,ಪ್ರಿಶೆಯಲ್ಲಿ,ಪ್ರಿಶೆಯೇ
ತನ್ವಿ,ತನ್ವಿ,ತನ್ವಿಯನ್ನು,ತನ್ವಿಯಿಂದ,ತನ್ವಿಗೆ,ತನ್ವಿಯಿಂದ,ತನ್ವಿಯ,ತನ್ವಿಯಲ್ಲಿ,ತನ್ವಿಯೇ
ಇರಾ,ಇರಾ,ಇರಾವನ್ನು,ಇರಾದಿಂದ,ಇರಾಕ್ಕೆ,ಇರಾದಿಂದ,ಇರಾಳ,ಇರಾಳಲ್ಲಿ,ಇರಾವೇ
ಆವನಿ,ಆವನಿ,ಆವನಿಯನ್ನು,ಆವನಿಯಿಂದ,ಆವನಿಗೆ,ಆವನಿಯಿಂದ,ಆವನಿಯ,ಆವನಿಯಲ್ಲಿ,ಆವನಿಯೇ
ಸಮೈರಾ,ಸಮೈರಾ,ಸಮೈರೆಯನ್ನು,ಸಮೈರೆಯಿಂದ,ಸಮೈರೆಗೆ,ಸಮೈರೆಯಿಂದ,ಸಮೈರೆಯ,ಸಮೈರೆಯಲ್ಲಿ,ಸಮೈರೆಯೇ
ಕೈರಾ,ಕೈರಾ,ಕೈರಾವನ್ನು,ಕೈರಾದಿಂದ,ಕೈರಾಕ್ಕೆ,ಕೈರಾದಿಂದ,ಕೈರಾಳ,ಕೈರಾಳಲ್ಲಿ,ಕೈರಾವೇ
ರಿಷಿತಾ,ರಿಷಿತಾ,ರಿಷಿತೆಯನ್ನು,ರಿಷಿತೆಯಿಂದ,ರಿಷಿತೆಗೆ,ರಿಷಿತೆಯಿಂದ,ರಿಷಿತೆಯ,ರಿಷಿತೆಯಲ್ಲಿ,ರಿಷಿತೆಯೇ
ಕ್ರಿಶಾ,ಕ್ರಿಶಾ,ಕ್ರಿಶೆಯನ್ನು,ಕ್ರಿಶೆಯಿಂದ,ಕ್ರಿಶೆಗೆ,ಕ್ರಿಶೆಯಿಂದ,ಕ್ರಿಶೆಯ,ಕ್ರಿಶೆಯಲ್ಲಿ,ಕ್ರಿಶೆಯೇ
ಅನ್ವಿತಾ,ಅನ್ವಿತಾ,ಅನ್ವಿತೆಯನ್ನು,ಅನ್ವಿತೆಯಿಂದ,ಅನ್ವಿತೆಗೆ,ಅನ್ವಿತೆಯಿಂದ,ಅನ್ವಿತೆಯ,ಅನ್ವಿತೆಯಲ್ಲಿ,ಅನ್ವಿತೆಯೇ
ಅಮೂಲ್ಯ,ಅಮೂಲ್ಯ,ಅಮೂಲ್ಯಳನ್ನು,ಅಮೂಲ್ಯಳಿಂದ,ಅಮೂಲ್ಯಳಿಗೆ,ಅಮೂಲ್ಯಳಿಂದ,ಅಮೂಲ್ಯಳ,ಅಮೂಲ್ಯಳಲ್ಲಿ,ಅಮೂಲ್ಯಳೇ
ಪ್ರಿಯಾಂಕಾ,ಪ್ರಿಯಾಂಕಾ,ಪ್ರಿಯಾಂಕಳನ್ನು,ಪ್ರಿಯಾಂಕಳಿಂದ,ಪ್ರಿಯಾಂಕಳಿಗೆ,ಪ್ರಿಯಾಂಕಳಿಂದ,ಪ್ರಿಯಾಂಕಳ,ಪ್ರಿಯಾಂಕಳಲ್ಲಿ,ಪ್ರಿಯಾಂಕಳೇ
ಪೂಜಾ,ಪೂಜಾ,ಪೂಜೆಯನ್ನು,ಪೂಜೆಯಿಂದ,ಪೂಜೆಗೆ,ಪೂಜೆಯಿಂದ,ಪೂಜೆಯ,ಪೂಜೆಯಲ್ಲಿ,ಪೂಜೆಯೇ
ತೇಜಸ್ವಿ,ತೇಜಸ್ವಿ,ತೇಜಸ್ವಿಯನ್ನು,ತೇಜಸ್ವಿಯಿಂದ,ತೇಜಸ್ವಿಗೆ,ತೇಜಸ್ವಿಯಿಂದ,ತೇಜಸ್ವಿಯ,ತೇಜಸ್ವಿಯಲ್ಲಿ,ತೇಜಸ್ವಿಯೇ
ವಿದ್ಯಾ,ವಿದ್ಯಾ,ವಿದ್ಯೆಯನ್ನು,ವಿದ್ಯೆಯಿಂದ,ವಿದ್ಯೆಗೆ,ವಿದ್ಯೆಯಿಂದ,ವಿದ್ಯೆಯ,ವಿದ್ಯೆಯಲ್ಲಿ,ವಿದ್ಯೆಯೇ
ಪಲ್ಲವಿ,ಪಲ್ಲವಿ,ಪಲ್ಲವಿಯನ್ನು,ಪಲ್ಲವಿಯಿಂದ,ಪಲ್ಲವಿಗೆ,ಪಲ್ಲವಿಯಿಂದ,ಪಲ್ಲವಿಯ,ಪಲ್ಲವಿಯಲ್ಲಿ,ಪಲ್ಲವಿಯೇ
ರಶ್ಮಿ,ರಶ್ಮಿ,ರಶ್ಮಿಯನ್ನು,ರಶ್ಮಿಯಿಂದ,ರಶ್ಮಿಗೆ,ರಶ್ಮಿಯಿಂದ,ರಶ್ಮಿಯ,ರಶ್ಮಿಯಲ್ಲಿ,ರಶ್ಮಿಯೇ
ವಿನಿಶಾ,ವಿನಿಶಾ,ವಿನಿಷೆಯನ್ನು,ವಿನಿಷೆಯಿಂದ,ವಿನಿಷೆಗೆ,ವಿನಿಷೆಯಿಂದ,ವಿನಿಷೆಯ,ವಿನಿಷೆಯಲ್ಲಿ,ವಿನಿಷೆಯೇ
ಸಾಕ್ಷಿ,ಸಾಕ್ಷಿ,ಸಾಕ್ಷಿಯನ್ನು,ಸಾಕ್ಷಿಯಿಂದ,ಸಾಕ್ಷಿಗೆ,ಸಾಕ್ಷಿಯಿಂದ,ಸಾಕ್ಷಿಯ,ಸಾಕ್ಷಿಯಲ್ಲಿ,ಸಾಕ್ಷಿಯೇ
ಭಾವನಾ,ಭಾವನಾ,ಭಾವನೆಯನ್ನು,ಭಾವನೆಯಿಂದ,ಭಾವನೆಗೆ,ಭಾವನೆಯಿಂದ,ಭಾವನೆಯ,ಭಾವನೆಯಲ್ಲಿ,ಭಾವನೆಯೇ
ಲತಾ,ಲತಾ,ಲತೆಯನ್ನು,ಲತೆಯಿಂದ,ಲತೆಗೆ,ಲತೆಯಿಂದ,ಲತೆಯ,ಲತೆಯಲ್ಲಿ,ಲತೆಯೇ
ನಿವೇದಿತಾ,ನಿವೇದಿತಾ,ನಿವೇದಿತೆಯನ್ನು,ನಿವೇದಿತೆಯಿಂದ,ನಿವೇದಿತೆಗೆ,ನಿವೇದಿತೆಯಿಂದ,ನಿವೇದಿತೆಯ,ನಿವೇದಿತೆಯಲ್ಲಿ,ನಿವೇದಿತೆಯೇ
ಆಕಾಂಕ್ಷಾ,ಆಕಾಂಕ್ಷಾ,ಆಕಾಂಕ್ಷೆಯನ್ನು,ಆಕಾಂಕ್ಷೆಯಿಂದ,ಆಕಾಂಕ್ಷೆಗೆ,ಆಕಾಂಕ್ಷೆಯಿಂದ,ಆಕಾಂಕ್ಷೆಯ,ಆಕಾಂಕ್ಷೆಯಲ್ಲಿ,ಆಕಾಂಕ್ಷೆಯೇ
ಮಾನಸ,ಮಾನಸ,ಮಾನಸಳನ್ನು,ಮಾನಸಳಿಂದ,ಮಾನಸಳಿಗೆ,ಮಾನಸಳಿಂದ,ಮಾನಸಳ,ಮಾನಸಳಲ್ಲಿ,ಮಾನಸಳೇ
ಸೌಮ್ಯಾ,ಸೌಮ್ಯಾ,ಸೌಮ್ಯಳನ್ನು,ಸೌಮ್ಯಳಿಂದ,ಸೌಮ್ಯಳಿಗೆ,ಸೌಮ್ಯಳಿಂದ,ಸೌಮ್ಯಳ,ಸೌಮ್ಯಳಲ್ಲಿ,ಸೌಮ್ಯಳೇ
ಶ್ಲಾಘಾ,ಶ್ಲಾಘಾ,ಶ್ಲಾಘಳನ್ನು,ಶ್ಲಾಘಳಿಂದ,ಶ್ಲಾಘಳಿಗೆ,ಶ್ಲಾಘಳಿಂದ,ಶ್ಲಾಘಳ,ಶ್ಲಾಘಳಲ್ಲಿ,ಶ್ಲಾಘಳೇ
ತಾರಾ,ತಾರಾ,ತಾರೆಯನ್ನು,ತಾರೆಯಿಂದ,ತಾರೆಗೆ,ತಾರೆಯಿಂದ,ತಾರೆಯ,ತಾರೆಯಲ್ಲಿ,ತಾರೆಯೇ
ಕೃತಿ,ಕೃತಿ,ಕೃತಿಯನ್ನು,ಕೃತಿಯಿಂದ,ಕೃತಿಗೆ,ಕೃತಿಯಿಂದ,ಕೃತಿಯ,ಕೃತಿಯಲ್ಲಿ,ಕೃತಿಯೇ
ಸಂಧ್ಯಾ,ಸಂಧ್ಯಾ,ಸಂಧ್ಯೆಯನ್ನು,ಸಂಧ್ಯೆಯಿಂದ,ಸಂಧ್ಯೆಗೆ,ಸಂಧ್ಯೆಯಿಂದ,ಸಂಧ್ಯೆಯ,ಸಂಧ್ಯೆಯಲ್ಲಿ,ಸಂಧ್ಯೆಯೇ
ಚೈತ್ರಾ,ಚೈತ್ರಾ,ಚೈತ್ರಳನ್ನು,ಚೈತ್ರಳಿಂದ,ಚೈತ್ರಳಿಗೆ,ಚೈತ್ರಳಿಂದ,ಚೈತ್ರಳ,ಚೈತ್ರಳಲ್ಲಿ,ಚೈತ್ರಳೇ
ಪೂರ್ಣಿಮಾ,ಪೂರ್ಣಿಮಾ,ಪೂರ್ಣಿಮೆಯನ್ನು,ಪೂರ್ಣಿಮೆಯಿಂದ,ಪೂರ್ಣಿಮೆಗೆ,ಪೂರ್ಣಿಮೆಯಿಂದ,ಪೂರ್ಣಿಮೆಯ,ಪೂರ್ಣಿಮೆಯಲ್ಲಿ,ಪೂರ್ಣಿಮೆಯೇ
ಸಂಯುಕ್ತಾ,ಸಂಯುಕ್ತಾ,ಸಂಯುಕ್ತೆಯನ್ನು,ಸಂಯುಕ್ತೆಯಿಂದ,ಸಂಯುಕ್ತೆಗೆ,ಸಂಯುಕ್ತೆಯಿಂದ,ಸಂಯುಕ್ತೆಯ,ಸಂಯುಕ್ತೆಯಲ್ಲಿ,ಸಂಯುಕ್ತೆಯೇ
ಸಂಗೀತಾ,ಸಂಗೀತಾ,ಸಂಗೀತೆ ಯನ್ನು,ಸಂಗೀತೆ ಯಿಂದ,ಸಂಗೀತೆ ಗೆ,ಸಂಗೀತೆ ಯಿಂದ,ಸಂಗೀತೆ ಯ,ಸಂಗೀತೆ ಯಲ್ಲಿ,ಸಂಗೀತೆ ಯೇ
ಮಾಲಿನಿ,ಮಾಲಿನಿ,ಮಾಲಿನಿಯನ್ನು,ಮಾಲಿನಿಯಿಂದ,ಮಾಲಿನಿಗೆ,ಮಾಲಿನಿಯಿಂದ,ಮಾಲಿನಿಯ,ಮಾಲಿನಿ ಯಲ್ಲಿ,ಮಾಲಿನಿಯೇ
ದಿವ್ಯಾ,ದಿವ್ಯಾ,ದಿವ್ಯಳನ್ನು,ದಿವ್ಯಳಿಂದ,ದಿವ್ಯಳಿಗೆ,ದಿವ್ಯಳಿಂದ,ದಿವ್ಯಳ,ದಿವ್ಯಳಲ್ಲಿ,ದಿವ್ಯಳೇ
ಅನನ್ಯಾ,ಅನನ್ಯಾ,ಅನನ್ಯಳನ್ನು,ಅನನ್ಯಳಿಂದ,ಅನನ್ಯಳಿಗೆ,ಅನನ್ಯಳಿಂದ,ಅನನ್ಯಳ,ಅನನ್ಯಳಲ್ಲಿ,ಅನನ್ಯಳೇ
ಖುಷಿ,ಖುಷಿ,ಖುಷಿಯನ್ನು,ಖುಷಿಯಿಂದ,ಖುಷಿಗೆ,ಖುಷಿಯಿಂದ,ಖುಷಿಯ,ಖುಷಿಯಲ್ಲಿ,ಖುಷಿಯೇ
ಅವಂತಿಕಾ,ಅವಂತಿಕಾ,ಅವಂತಿಕೆಯನ್ನು,ಅವಂತಿಕೆಯಿಂದ,ಅವಂತಿಕೆಗೆ,ಅವಂತಿಕೆಯಿಂದ,ಅವಂತಿಕೆಯ,ಅವಂತಿಕೆಯಲ್ಲಿ,ಅವಂತಿಕೆಯೇ
ಶ್ರೀಯಾ,ಶ್ರೀಯಾ,ಶ್ರೀಯಳನ್ನು,ಶ್ರೀಯಳಿಂದ,ಶ್ರೀಯಳಿಗೆ,ಶ್ರೀಯಳಿಂದ,ಶ್ರೀಯಳ,ಶ್ರೀಯಳಲ್ಲಿ,ಶ್ರೀಯಳೇ
ಇಶಾ,ಇಶಾ,ಇಶಾವನ್ನು,ಇಶಾದಿಂದ,ಇಶಾಕ್ಕೆ,ಇಶಾದಿಂದ,ಇಶಾಳ,ಇಶಾಳಲ್ಲಿ,ಇಶಾವೇ
ಕನಕ,ಕನಕ,ಕನಕವನ್ನು,ಕನಕದಿಂದ,ಕನಕಕ್ಕೆ,ಕನಕದಿಂದ,ಕನಕದ,ಕನಕದಲ್ಲಿ,ಕನಕವೇ
ಆರಾಧನಾ,ಆರಾಧನಾ,ಆರಾಧನೆಯನ್ನು,ಆರಾಧನೆಯಿಂದ,ಆರಾಧನೆಗೆ,ಆರಾಧನೆಯಿಂದ,ಆರಾಧನೆಯ,ಆರಾಧನೆಯಲ್ಲಿ,ಆರಾಧನೆಯೇ
ಭಾವಿಕಾ,ಭಾವಿಕಾ,ಭಾವಿಕೆಯನ್ನು,ಭಾವಿಕೆಯಿಂದ,ಭಾವಿಕೆಗೆ,ಭಾವಿಕೆಯಿಂದ,ಭಾವಿಕೆಯ,ಭಾವಿಕೆಯಲ್ಲಿ,ಭಾವಿಕೆಯೇ
ಶ್ರವಣೀ,ಶ್ರವಣೀ,ಶ್ರವಣಿಯನ್ನು,ಶ್ರವಣಿಯಿಂದ,ಶ್ರವಣಿಗೆ,ಶ್ರವಣಿಯಿಂದ,ಶ್ರವಣಿಯ,ಶ್ರವಣಿಯಲ್ಲಿ,ಶ್ರವಣಿಯೇ
ವರ್ಷಿಣಿ,ವರ್ಷಿಣಿ,ವರ್ಷಿಣಿಯನ್ನು,ವರ್ಷಿಣಿಯಿಂದ,ವರ್ಷಿಣಿಗೆ,ವರ್ಷಿಣಿಯಿಂದ,ವರ್ಷಿಣಿಯ,ವರ್ಷಿಣಿಯಲ್ಲಿ,ವರ್ಷಿಣಿಯೇ
ಸಮನ್ವಿತಾ,ಸಮನ್ವಿತಾ,ಸಮನ್ವಿತೆಯನ್ನು,ಸಮನ್ವಿತೆಯಿಂದ,ಸಮನ್ವಿತೆಗೆ,ಸಮನ್ವಿತೆಯಿಂದ,ಸಮನ್ವಿತೆಯ,ಸಮನ್ವಿತೆಯಲ್ಲಿ,ಸಮನ್ವಿತೆಯೇ
ಸುವರ್ಣ,ಸುವರ್ಣ,ಸುವರ್ಣವನ್ನು,ಸುವರ್ಣದಿಂದ,ಸುವರ್ಣಕ್ಕೆ,ಸುವರ್ಣದಿಂದ,ಸುವರ್ಣದ,ಸುವರ್ಣದಲ್ಲಿ,ಸುವರ್ಣವೇ
ನಿಧಿ,ನಿಧಿ,ನಿಧಿಯನ್ನು,ನಿಧಿಯಿಂದ,ನಿಧಿಗೆ,ನಿಧಿಯಿಂದ,ನಿಧಿಯ,ನಿಧಿಯಲ್ಲಿ,ನಿಧಿಯೇ
ಹರ್ಷಿತಾ,ಹರ್ಷಿತಾ,ಹರ್ಷಿತೆಯನ್ನು,ಹರ್ಷಿತೆಯಿಂದ,ಹರ್ಷಿತೆಗೆ,ಹರ್ಷಿತೆಯಿಂದ,ಹರ್ಷಿತೆಯ,ಹರ್ಷಿತೆಯಲ್ಲಿ,ಹರ್ಷಿತೆಯೇ
ದರ್ಶಿ,ದರ್ಶಿ,ದರ್ಶಿಯನ್ನು,ದರ್ಶಿಯಿಂದ,ದರ್ಶಿಗೆ,ದರ್ಶಿಯಿಂದ,ದರ್ಶಿಯ,ದರ್ಶಿಯಲ್ಲಿ,ದರ್ಶಿಯೇ
ನೀಲಿಮಾ,ನೀಲಿಮಾ,ನೀಲಿಮೆಯನ್ನು,ನೀಲಿಮೆಯಿಂದ,ನೀಲಿಮೆಗೆ,ನೀಲಿಮೆಯಿಂದ,ನೀಲಿಮೆಯ,ನೀಲಿಮೆಯಲ್ಲಿ,ನೀಲಿಮೆಯೇ
ರಮ್ಯ,ರಮ್ಯ,ರಮ್ಯಳನ್ನು,ರಮ್ಯಳಿಂದ,ರಮ್ಯಳಿಗೆ,ರಮ್ಯಳಿಂದ,ರಮ್ಯಳ,ರಮ್ಯಳಲ್ಲಿ,ರಮ್ಯಳೇ
ಆಶಾ,ಆಶಾ,ಆಶೆಯನ್ನು,ಆಶೆಯಿಂದ,ಆಶೆಗೆ,ಆಶೆಯಿಂದ,ಆಶೆಯ,ಆಶೆಯಲ್ಲಿ,ಆಶೆಯೇ
ವಾಣಿ,ವಾಣಿ,ವಾಣಿಯನ್ನು,ವಾಣಿಯಿಂದ,ವಾಣಿಗೆ,ವಾಣಿಯಿಂದ,ವಾಣಿಯ,ವಾಣಿಯಲ್ಲಿ,ವಾಣಿಯೇ
ಸೃಷ್ಟಿ,ಸೃಷ್ಟಿ,ಸೃಷ್ಟಿಯನ್ನು,ಸೃಷ್ಟಿಯಿಂದ,ಸೃಷ್ಟಿಗೆ,ಸೃಷ್ಟಿಯಿಂದ,ಸೃಷ್ಟಿಯ,ಸೃಷ್ಟಿಯಲ್ಲಿ,ಸೃಷ್ಟಿಯೇ
ಧನ್ಯಾ,ಧನ್ಯಾ,ಧನ್ಯಳನ್ನು,ಧನ್ಯಳಿಂದ,ಧನ್ಯಳಿಗೆ,ಧನ್ಯಳಿಂದ,ಧನ್ಯಳ,ಧನ್ಯಳಲ್ಲಿ,ಧನ್ಯಳೇ
ಭಾವಿ,ಭಾವಿ,ಭಾವಿಯನ್ನು,ಭಾವಿಯಿಂದ,ಭಾವಿಗೆ,ಭಾವಿಯಿಂದ,ಭಾವಿಯ,ಭಾವಿಯಲ್ಲಿ,ಭಾವಿಯೇ
ಕೀರ್ತನಾ,ಕೀರ್ತನಾ,ಕೀರ್ತನೆಯನ್ನು,ಕೀರ್ತನೆಯಿಂದ,ಕೀರ್ತನೆಗೆ,ಕೀರ್ತನೆಯಿಂದ,ಕೀರ್ತನೆಯ,ಕೀರ್ತನೆಯಲ್ಲಿ,ಕೀರ್ತನೆಯೇ
ಅಂಜನಾ,ಅಂಜನಾ,ಅಂಜನೆಯನ್ನು,ಅಂಜನೆಯಿಂದ,ಅಂಜನೆಗೆ,ಅಂಜನೆಯಿಂದ,ಅಂಜನೆಯ,ಅಂಜನೆಯಲ್ಲಿ,ಅಂಜನೆಯೇ
ತ್ರಿವೇಣಿ,ತ್ರಿವೇಣಿ,ತ್ರಿವೇಣಿಯನ್ನು,ತ್ರಿವೇಣಿಯಿಂದ,ತ್ರಿವೇಣಿಗೆ,ತ್ರಿವೇಣಿಯಿಂದ,ತ್ರಿವೇಣಿಯ,ತ್ರಿವೇಣಿಯಲ್ಲಿ,ತ್ರಿವೇಣಿಯೇ
ಕವಿತಾ,ಕವಿತಾ,ಕವಿತೆಯನ್ನು,ಕವಿತೆಯಿಂದ,ಕವಿತೆಗೆ,ಕವಿತೆಯಿಂದ,ಕವಿತೆಯ,ಕವಿತೆಯಲ್ಲಿ,ಕವಿತೆಯೇ
ಅಪೂರ್ವ,ಅಪೂರ್ವ,ಅಪೂರ್ವಳನ್ನು,ಅಪೂರ್ವಳಿಂದ,ಅಪೂರ್ವಳಿಗೆ,ಅಪೂರ್ವಳಿಂದ,ಅಪೂರ್ವಳ,ಅಪೂರ್ವಳಲ್ಲಿ,ಅಪೂರ್ವಳೇ
ಶ್ಲೋಕ,ಶ್ಲೋಕ,ಶ್ಲೋಕವನ್ನು,ಶ್ಲೋಕದಿಂದ,ಶ್ಲೋಕಕ್ಕೆ,ಶ್ಲೋಕದಿಂದ,ಶ್ಲೋಕದ,ಶ್ಲೋಕದಲ್ಲಿ,ಶ್ಲೋಕವೇ
ಯಶ್ಮಿತಾ,ಯಶ್ಮಿತಾ,ಯಶ್ಮಿತೆಯನ್ನು,ಯಶ್ಮಿತೆಯಿಂದ,ಯಶ್ಮಿತೆಗೆ,ಯಶ್ಮಿತೆಯಿಂದ,ಯಶ್ಮಿತೆಯ,ಯಶ್ಮಿತೆಯಲ್ಲಿ,ಯಶ್ಮಿತೆಯೇ
ನಮಿತಾ,ನಮಿತಾ,ನಮಿತೆಯನ್ನು,ನಮಿತೆಯಿಂದ,ನಮಿತೆಗೆ,ನಮಿತೆಯಿಂದ,ನಮಿತೆಯ,ನಮಿತೆಯಲ್ಲಿ,ನಮಿತೆಯೇ
ವ್ಯಕ್ತಿ,ವ್ಯಕ್ತಿ,ವ್ಯಕ್ತಿಯನ್ನು,ವ್ಯಕ್ತಿಯಿಂದ,ವ್ಯಕ್ತಿಗೆ,ವ್ಯಕ್ತಿಯಿಂದ,ವ್ಯಕ್ತಿಯ,ವ್ಯಕ್ತಿಯಲ್ಲಿ,ವ್ಯಕ್ತಿಯೇ
ವಿದ್ಯಾರ್ಥಿ,ವಿದ್ಯಾರ್ಥಿ,ವಿದ್ಯಾರ್ಥಿಯನ್ನು,ವಿದ್ಯಾರ್ಥಿಯಿಂದ,ವಿದ್ಯಾರ್ಥಿಗೆ,ವಿದ್ಯಾರ್ಥಿಯಿಂದ,ವಿದ್ಯಾರ್ಥಿಯ,ವಿದ್ಯಾರ್ಥಿಯಲ್ಲಿ,ವಿದ್ಯಾರ್ಥಿಯೇ
ಗುರು,ಗುರು,ಗುರುವಿನಿಂದ,ಗುರುವಿನಿಂದ,ಗುರುವಿಗೆ,ಗುರುವಿನಿಂದ,ಗುರುವಿನ,ಗುರುವಿನಲ್ಲಿ,ಗುರುವೇ
ಅಧಿಕಾರಿ,ಅಧಿಕಾರಿ,ಅಧಿಕಾರಿಯನ್ನು,ಅಧಿಕಾರಿಯಿಂದ,ಅಧಿಕಾರಿಗೆ,ಅಧಿಕಾರಿಯಿಂದ,ಅಧಿಕಾರಿಯ,ಅಧಿಕಾರಿಯಲ್ಲಿ,ಅಧಿಕಾರಿಯೇ
ಕಾರ್ಮಿಕ,ಕಾರ್ಮಿಕ,ಕಾರ್ಮಿಕನನ್ನು,ಕಾರ್ಮಿಕನಿಂದ,ಕಾರ್ಮಿಕನಿಗೆ,ಕಾರ್ಮಿಕನಿಂದ,ಕಾರ್ಮಿಕನ,ಕಾರ್ಮಿಕನಲ್ಲಿ,ಕಾರ್ಮಿಕನೇ
ನೌಕರ,ನೌಕರ,ನೌಕರನನ್ನು,ನೌಕರನಿಂದ,ನೌಕರನಿಗೆ,ನೌಕರನಿಂದ,ನೌಕರನ,ನೌಕರನಲ್ಲಿ,ನೌಕರನೇ
ವಕೀಲ,ವಕೀಲ,ವಕೀಲನನ್ನು,ವಕೀಲನಿಂದ,ವಕೀಲನಿಗೆ,ವಕೀಲನಿಂದ,ವಕೀಲನ,ವಕೀಲನಲ್ಲಿ,ವಕೀಲನೇ
ಮಾಧ್ಯಮ,ಮಾಧ್ಯಮ,ಮಾಧ್ಯಮವನ್ನು,ಮಾಧ್ಯಮದಿಂದ,ಮಾಧ್ಯಮಕ್ಕೆ,ಮಾಧ್ಯಮದಿಂದ,ಮಾಧ್ಯಮದ,ಮಾಧ್ಯಮದಲ್ಲಿ,ಮಾಧ್ಯಮವೇ
ಸಹಯೋಗಿ,ಸಹಯೋಗಿ,ಸಹಯೋಗಿಯನ್ನು,ಸಹಯೋಗಿಯಿಂದ,ಸಹಯೋಗಿಗೆ,ಸಹಯೋಗಿಯಿಂದ,ಸಹಯೋಗಿಯ,ಸಹಯೋಗಿಯಲ್ಲಿ,ಸಹಯೋಗಿಯೇ
ಪ್ರವಾಸಿ,ಪ್ರವಾಸಿ,ಪ್ರವಾಸಿಯನ್ನು,ಪ್ರವಾಸಿಯಿಂದ,ಪ್ರವಾಸಿಗೆ,ಪ್ರವಾಸಿಯಿಂದ,ಪ್ರವಾಸಿಯ,ಪ್ರವಾಸಿಯಲ್ಲಿ,ಪ್ರವಾಸಿಯೇ
ಮಕ್ಕಳು,ಮಕ್ಕಳು,ಮಕ್ಕಳನ್ನು,ಮಕ್ಕಳಿಂದ,ಮಕ್ಕಳಿಗೆ,ಮಕ್ಕಳಿಂದ,ಮಕ್ಕಳ,ಮಕ್ಕಳಲ್ಲಿ,ಮಕ್ಕಳೇ
ಸೋದರ,ಸೋದರ,ಸೋದರನನ್ನು,ಸೋದರನಿಂದ,ಸೋದರನಿಗೆ,ಸೋದರನಿಂದ,ಸೋದರನ,ಸೋದರನಲ್ಲಿ,ಸೋದರನೇ
ಬಂಧು,ಬಂಧು,ಬಂಧುವನ್ನು,ಬಂಧುವಿನಿಂದ,ಬಂಧುವಿಗೆ,ಬಂಧುವಿನಿಂದ,ಬಂಧುವಿನ,ಬಂಧುವಿನಲ್ಲಿ,ಬಂಧುವೇ
ಅಧ್ಯಕ್ಷ,ಅಧ್ಯಕ್ಷ,ಅಧ್ಯಕ್ಷನನ್ನು,ಅಧ್ಯಕ್ಷನಿಂದ,ಅಧ್ಯಕ್ಷನಿಗೆ,ಅಧ್ಯಕ್ಷನಿಂದ,ಅಧ್ಯಕ್ಷನ,ಅಧ್ಯಕ್ಷನಲ್ಲಿ,ಅಧ್ಯಕ್ಷನೇ
ಸದಸ್ಯ,ಸದಸ್ಯ,ಸದಸ್ಯನನ್ನು,ಸದಸ್ಯನಿಂದ,ಸದಸ್ಯನಿಗೆ,ಸದಸ್ಯನಿಂದ,ಸದಸ್ಯನ,ಸದಸ್ಯನಲ್ಲಿ,ಸದಸ್ಯನೇ
ಅತಿಥಿ,ಅತಿಥಿ,ಅತಿಥಿಯನ್ನು,ಅತಿಥಿಯಿಂದ,ಅತಿಥಿಗೆ,ಅತಿಥಿಯಿಂದ,ಅತಿಥಿಯ,ಅತಿಥಿಯಲ್ಲಿ,ಅತಿಥಿಯೇ
ರೋಗಿ,ರೋಗಿ,ರೋಗಿಯನ್ನು,ರೋಗಿಯಿಂದ,ರೋಗಿಗೆ,ರೋಗಿಯಿಂದ,ರೋಗಿಯ,ರೋಗಿಯಲ್ಲಿ,ರೋಗಿಯೇ
ಪಾಲಕ,ಪಾಲಕ,ಪಾಲಕನನ್ನು,ಪಾಲಕನಿಂದ,ಪಾಲಕನಿಗೆ,ಪಾಲಕನಿಂದ,ಪಾಲಕನ,ಪಾಲಕನಲ್ಲಿ,ಪಾಲಕನೇ
ಸೇವೆಕ,ಸೇವಕ,ಸೇವಕನನ್ನು,ಸೇವಕನಿಂದ,ಸೇವಕನಿಗೆ,ಸೇವಕನಿಂದ,ಸೇವಕನ,ಸೇವಕನಲ್ಲಿ,ಸೇವಕನೇ
ಉದ್ಯೋಗಿ,ಉದ್ಯೋಗಿ,ಉದ್ಯೋಗಿಯನ್ನು,ಉದ್ಯೋಗಿಯಿಂದ,ಉದ್ಯೋಗಿಗೆ,ಉದ್ಯೋಗಿಯಿಂದ,ಉದ್ಯೋಗಿಯ,ಉದ್ಯೋಗಿಯಲ್ಲಿ,ಉದ್ಯೋಗಿಯೇ
ವ್ಯವಸ್ಥಾಪಕ,ವ್ಯವಸ್ಥಾಪಕ,ವ್ಯವಸ್ಥಾಪಕನನ್ನು,ವ್ಯವಸ್ಥಾಪಕನಿಂದ,ವ್ಯವಸ್ಥಾಪಕನಿಗೆ,ವ್ಯವಸ್ಥಾಪಕನಿಂದ,ವ್ಯವಸ್ಥಾಪಕನ,ವ್ಯವಸ್ಥಾಪಕನಲ್ಲಿ,ವ್ಯವಸ್ಥಾಪಕನೇ
ಲೇಖಕ,ಲೇಖಕ,ಲೇಖಕನನ್ನು,ಲೇಖಕನಿಂದ,ಲೇಖಕನಿಗೆ,ಲೇಖಕನಿಂದ,ಲೇಖಕನ,ಲೇಖಕನಲ್ಲಿ,ಲೇಖಕನೇ
ಚಿತ್ರಕಾರ,ಚಿತ್ರಕಾರ,ಚಿತ್ರಕಾರನನ್ನು,ಚಿತ್ರಕಾರನಿಂದ,ಚಿತ್ರಕಾರನಿಗೆ,ಚಿತ್ರಕಾರನಿಂದ,ಚಿತ್ರಕಾರನ,ಚಿತ್ರಕಾರನಲ್ಲಿ,ಚಿತ್ರಕಾರನೇ
ಬೋಧಕ,ಬೋಧಕ,ಬೋಧಕನನ್ನು,ಬೋಧಕನಿಂದ,ಬೋಧಕನಿಗೆ,ಬೋಧಕನಿಂದ,ಬೋಧಕನ,ಬೋಧಕನಲ್ಲಿ,ಬೋಧಕನೇ
ಗಾಯಕ,ಗಾಯಕ,ಗಾಯಕನನ್ನು,ಗಾಯಕನಿಂದ,ಗಾಯಕನಿಗೆ,ಗಾಯಕನಿಂದ,ಗಾಯಕನ,ಗಾಯಕನಲ್ಲಿ,ಗಾಯಕನೇ
ನರ್ತಕ,ನರ್ತಕ,ನರ್ತಕನನ್ನು,ನರ್ತಕನಿಂದ,ನರ್ತಕನಿಗೆ,ನರ್ತಕನಿಂದ,ನರ್ತಕನ,ನರ್ತಕನಲ್ಲಿ,ನರ್ತಕನೇ
ಪ್ರಚಾರಕ,ಪ್ರಚಾರಕ,ಪ್ರಚಾರಕನನ್ನು,ಪ್ರಚಾರಕನಿಂದ,ಪ್ರಚಾರಕನಿಗೆ,ಪ್ರಚಾರಕನಿಂದ,ಪ್ರಚಾರಕನ,ಪ್ರಚಾರಕನಲ್ಲಿ,ಪ್ರಚಾರಕನೇ
ತಜ್ಞ,ತಜ್ಞ,ತಜ್ಞನನ್ನು,ತಜ್ಞನಿಂದ,ತಜ್ಞನಿಗೆ,ತಜ್ಞನಿಂದ,ತಜ್ಞನ,ತಜ್ಞನಲ್ಲಿ,ತಜ್ಞನೇ
ಸಂಶೋಧಕ,ಸಂಶೋಧಕ,ಸಂಶೋಧಕನನ್ನು,ಸಂಶೋಧಕನಿಂದ,ಸಂಶೋಧಕನಿಗೆ,ಸಂಶೋಧಕನಿಂದ,ಸಂಶೋಧಕನ,ಸಂಶೋಧಕನಲ್ಲಿ,ಸಂಶೋಧಕನೇ
ಚಾಲಕ,ಚಾಲಕ,ಚಾಲಕನನ್ನು,ಚಾಲಕನಿಂದ,ಚಾಲಕನಿಗೆ,ಚಾಲಕನಿಂದ,ಚಾಲಕನ,ಚಾಲಕನಲ್ಲಿ,ಚಾಲಕನೇ
ನಾಗರಿಕ,ನಾಗರಿಕ,ನಾಗರಿಕನನ್ನು,ನಾಗರಿಕನಿಂದ,ನಾಗರಿಕನಿಗೆ,ನಾಗರಿಕನಿಂದ,ನಾಗರಿಕನ,ನಾಗರಿಕನಲ್ಲಿ,ನಾಗರಿಕನೇ
ನೇತಾರ,ನೇತಾರ,ನೇತಾರನನ್ನು,ನೇತಾರನಿಂದ,ನೇತಾರನಿಗೆ,ನೇತಾರನಿಂದ,ನೇತಾರನ,ನೇತಾರನಲ್ಲಿ,ನೇತಾರನೇ
ಪೌರ,ಪೌರ,ಪೌರನನ್ನು,ಪೌರನಿಂದ,ಪೌರನಿಗೆ,ಪೌರನಿಂದ,ಪೌರನ,ಪೌರನಲ್ಲಿ,ಪೌರನೇ
ಸಹಕಾರಿ,ಸಹಕಾರಿ,ಸಹಕಾರಿಯನ್ನು,ಸಹಕಾರಿಯಿಂದ,ಸಹಕಾರಿಗೆ,ಸಹಕಾರಿಯಿಂದ,ಸಹಕಾರಿಯ,ಸಹಕಾರಿಯಲ್ಲಿ,ಸಹಕಾರಿಯೇ
ಮಾನವ,ಮಾನವ,ಮಾನವನನ್ನು,ಮಾನವನಿಂದ,ಮಾನವನಿಗೆ,ಮಾನವನಿಂದ,ಮಾನವನ,ಮಾನವನಲ್ಲಿ,ಮಾನವನೇ
ಸ್ನೇಹಿತ,ಸ್ನೇಹಿತ,ಸ್ನೇಹಿತನನ್ನು,ಸ್ನೇಹಿತನಿಂದ,ಸ್ನೇಹಿತನಿಗೆ,ಸ್ನೇಹಿತನಿಂದ,ಸ್ನೇಹಿತನ,ಸ್ನೇಹಿತನಲ್ಲಿ,ಸ್ನೇಹಿತನೇ
ಸಂತೆ,ಸಂತೆ,ಸಂತೆಯನ್ನು,ಸಂತೆಯಿಂದ,ಸಂತೆಗೆ,ಸಂತೆಯಿಂದ,ಸಂತೆಯ,ಸಂತೆಯಲ್ಲಿ,ಸಂತೆಯೇ
ಬೆಂಬಲಿಗ,ಬೆಂಬಲಿಗ,ಬೆಂಬಲಿಗನನ್ನು,ಬೆಂಬಲಿಗನಿಂದ,ಬೆಂಬಲಿಗನಿಗೆ,ಬೆಂಬಲಿಗನಿಂದ,ಬೆಂಬಲಿಗನ,ಬೆಂಬಲಿಗನಲ್ಲಿ,ಬೆಂಬಲಿಗನೇ
ಕಾರ್ಯಕರ್ತ,ಕಾರ್ಯಕರ್ತ,ಕಾರ್ಯಕರ್ತನನ್ನು,ಕಾರ್ಯಕರ್ತನಿಂದ,ಕಾರ್ಯಕರ್ತನಿಗೆ,ಕಾರ್ಯಕರ್ತನಿಂದ,ಕಾರ್ಯಕರ್ತನ,ಕಾರ್ಯಕರ್ತನಲ್ಲಿ,ಕಾರ್ಯಕರ್ತನೇ
ಮಾರ್ಗದರ್ಶಿ,ಮಾರ್ಗದರ್ಶಿ,ಮಾರ್ಗದರ್ಶಿಯನ್ನು,ಮಾರ್ಗದರ್ಶಿಯಿಂದ,ಮಾರ್ಗದರ್ಶಿಗೆ,ಮಾರ್ಗದರ್ಶಿಯಿಂದ,ಮಾರ್ಗದರ್ಶಿಯ,ಮಾರ್ಗದರ್ಶಿಯಲ್ಲಿ,ಮಾರ್ಗದರ್ಶಿಯೇ
ಶುಶ್ರೂಷಕ,ಶುಶ್ರೂಷಕ,ಶುಶ್ರೂಷಕನನ್ನು,ಶುಶ್ರೂಷಕನಿಂದ,ಶುಶ್ರೂಷಕನಿಗೆ,ಶುಶ್ರೂಷಕನಿಂದ,ಶುಶ್ರೂಷಕನ,ಶುಶ್ರೂಷಕನಲ್ಲಿ,ಶುಶ್ರೂಷಕನೇ
ಕಲೆಗಾರ,ಕಲೆಗಾರ,ಕಲೆಗಾರನನ್ನು,ಕಲೆಗಾರನಿಂದ,ಕಲೆಗಾರನಿಗೆ,ಕಲೆಗಾರನಿಂದ,ಕಲೆಗಾರನ,ಕಲೆಗಾರನಲ್ಲಿ,ಕಲೆಗಾರನೇ
ರೋಗಗ್ರಸ್ತ,ರೋಗಗ್ರಸ್ತ,ರೋಗಗ್ರಸ್ತನನ್ನು,ರೋಗಗ್ರಸ್ತನಿಂದ,ರೋಗಗ್ರಸ್ತನಿಗೆ,ರೋಗಗ್ರಸ್ತನಿಂದ,ರೋಗಗ್ರಸ್ತನ,ರೋಗಗ್ರಸ್ತನಲ್ಲಿ,ರೋಗಗ್ರಸ್ತನೇ
ಜನ,ಜನ,ಜನರನ್ನು,ಜನರಿಂದ,ಜನರಿಗೆ,ಜನರಿಂದ,ಜನರ,ಜನರಲ್ಲಿ,ಜನರೇ
ಸಾರ್ವಜನಿಕ,ಸಾರ್ವಜನಿಕ,ಸಾರ್ವಜನಿಕನನ್ನು,ಸಾರ್ವಜನಿಕನಿಂದ,ಸಾರ್ವಜನಿಕನಿಗೆ,ಸಾರ್ವಜನಿಕನಿಂದ,ಸಾರ್ವಜನಿಕನ,ಸಾರ್ವಜನಿಕನಲ್ಲಿ,ಸಾರ್ವಜನಿಕನೇ
ಪಡೆ,ಪಡೆ,ಪಡೆಯನ್ನು,ಪಡೆಯಿಂದ,ಪಡೆಗೆ,ಪಡೆಯಿಂದ,ಪಡೆಯ,ಪಡೆಯಲಿ,ಪಡೆಯೆ
ಯೋಜಕ,ಯೋಜಕ,ಯೋಜಕನನ್ನು,ಯೋಜಕನಿಂದ,ಯೋಜಕನಿಗೆ,ಯೋಜಕನಿಂದ,ಯೋಜಕನ,ಯೋಜಕನಲ್ಲಿ,ಯೋಜಕನೇ
ಪತ್ರಕರ್ತ,ಪತ್ರಕರ್ತ,ಪತ್ರಕರ್ತನನ್ನು,ಪತ್ರಕರ್ತನಿಂದ,ಪತ್ರಕರ್ತನಿಗೆ,ಪತ್ರಕರ್ತನಿಂದ,ಪತ್ರಕರ್ತನ,ಪತ್ರಕರ್ತನಲ್ಲಿ,ಪತ್ರಕರ್ತನೇ
ಸಂಯೋಜಕ,ಸಂಯೋಜಕ,ಸಂಯೋಜಕನನ್ನು,ಸಂಯೋಜಕನಿಂದ,ಸಂಯೋಜಕನಿಗೆ,ಸಂಯೋಜಕನಿಂದ,ಸಂಯೋಜಕನ,ಸಂಯೋಜಕನಲ್ಲಿ,ಸಂಯೋಜಕನೇ
ಅಭಿಮಾನಿ,ಅಭಿಮಾನಿ,ಅಭಿಮಾನಿಯನ್ನು,ಅಭಿಮಾನಿಯಿಂದ,ಅಭಿಮಾನಿಗೆ,ಅಭಿಮಾನಿಯಿಂದ,ಅಭಿಮಾನಿಯ,ಅಭಿಮಾನಿಯಲ್ಲಿ,ಅಭಿಮಾನಿಯೇ
ಮಗು,ಮಗು,ಮಗುವನ್ನು,ಮಗುವಿನಿಂದ,ಮಗುವಿಗೆ,ಮಗುವಿನಿಂದ,ಮಗುವಿನ,ಮಗುವಿನಲ್ಲಿ,ಮಗುವೇ
ಕೌಟುಂಬಿಕ,ಕೌಟುಂಬಿಕ,ಕೌಟುಂಬಿಕನನ್ನು,ಕೌಟುಂಬಿಕನಿಂದ,ಕೌಟುಂಬಿಕನಿಗೆ,ಕೌಟುಂಬಿಕನಿಂದ,ಕೌಟುಂಬಿಕನ,ಕೌಟುಂಬಿಕನಲ್ಲಿ,ಕೌಟುಂಬಿಕನೇ
ಕಲ್ಲ,ಕಲ್ಲ,ಕಲ್ಲನ್ನು,ಕಲ್ಲಿನಿಂದ,ಕಲ್ಲಿಗೆ,ಕಲ್ಲಿನಿಂದ,ಕಲ್ಲಿನ,ಕಲ್ಲಿನಲ್ಲಿ,ಕಲ್ಲೇ
ದಿನ,ದಿನ,ದಿನವನ್ನು,ದಿನದಿಂದ,ದಿನಕ್ಕೆ,ದಿನದಿಂದ,ದಿನದ,ದಿನದಲ್ಲಿ,ದಿನವೇ
ಪುಷ್ಪ,ಪುಷ್ಪ,ಪುಷ್ಪವನ್ನು,ಪುಷ್ಪದಿಂದ,ಪುಷ್ಪಕ್ಕೆ,ಪುಷ್ಪದಿಂದ,ಪುಷ್ಪದ,ಪುಷ್ಪದಲ್ಲಿ,ಪುಷ್ಪವೇ
ಜಲ,ಜಲ,ಜಲವನ್ನು,ಜಲದಿಂದ,ಜಲಕ್ಕೆ,ಜಲದಿಂದ,ಜಲದ,ಜಲದಲ್ಲಿ,ಜಲವೇ
ಬೆಂಕಿ,ಬೆಂಕಿ,ಬೆಂಕಿಯನ್ನು,ಬೆಂಕಿಯಿಂದ,ಬೆಂಕಿಗೆ,ಬೆಂಕಿಯಿಂದ,ಬೆಂಕಿಯ,ಬೆಂಕಿಯಲ್ಲಿ,ಬೆಂಕಿಯೇ
ನೀಲಿ,ನೀಲಿ,ನೀಲಿಯನ್ನು,ನೀಲಿಯಿಂದ,ನೀಲಿಗೆ,ನೀಲಿಯಿಂದ,ನೀಲಿಯ,ನೀಲಿಯಲ್ಲಿ,ನೀಲಿಯೇ
ಕೋಳಿ,ಕೋಳಿ,ಕೋಳಿಯನ್ನು,ಕೋಳಿಯಿಂದ,ಕೋಳಿಗೆ,ಕೋಳಿಯಿಂದ,ಕೋಳಿಯ,ಕೋಳಿಯಲ್ಲಿ,ಕೋಳಿಯೇ
ಮೀನು,ಮೀನು,ಮೀನನ್ನು,ಮೀನಿನಿಂದ,ಮೀನಿಗೆ,ಮೀನಿನಿಂದ,ಮೀನಿನ,ಮೀನಿನಲ್ಲಿ,ಮೀನೇ
ಮಾತು,ಮಾತು,ಮಾತನ್ನು,ಮಾತಿನಿಂದ,ಮಾತಿಗೆ,ಮಾತಿನಿಂದ,ಮಾತಿನ,ಮಾತಿನಲ್ಲಿ,ಮಾತೇ
ವಿಷ,ವಿಷ,ವಿಷವನ್ನು,ವಿಷದಿಂದ,ವಿಷಕ್ಕೆ,ವಿಷದಿಂದ,ವಿಷದ,ವಿಷದಲ್ಲಿ,ವಿಷವೇ
ಅಮೃತ,ಅಮೃತ,ಅಮೃತವನ್ನು,ಅಮೃತದಿಂದ,ಅಮೃತಕ್ಕೆ,ಅಮೃತದಿಂದ,ಅಮೃತದ,ಅಮೃತದಲ್ಲಿ,ಅಮೃತವೇ
ಒಡವೆ,ಒಡವೆ,ಒಡವೆಯನ್ನು,ಒಡವೆಯಿಂದ,ಒಡವೆಗೆ,ಒಡವೆಯಿಂದ,ಒಡವೆಯ,ಒಡವೆಯಲ್ಲಿ,ಒಡವೆಯೇ
ದಿಕ್ಕು,ದಿಕ್ಕು,ದಿಕ್ಕನ್ನು,ದಿಕ್ಕಿನಿಂದ,ದಿಕ್ಕಿಗೆ,ದಿಕ್ಕಿನಿಂದ,ದಿಕ್ಕಿನ,ದಿಕ್ಕಿನಲ್ಲಿ,ದಿಕ್ಕೇ
ತಪ್ಪ,ತಪ್ಪ,ತಪ್ಪನ್ನು,ತಪ್ಪಿನಿಂದ,ತಪ್ಪಿಗೆ,ತಪ್ಪಿನಿಂದ,ತಪ್ಪಿನ,ತಪ್ಪಿನಲ್ಲಿ,ತಪ್ಪೇ
ಧ್ವನಿ,ಧ್ವನಿ,ಧ್ವನಿಯನ್ನು,ಧ್ವನಿಯಿಂದ,ಧ್ವನಿಗೆ,ಧ್ವನಿಯಿಂದ,ಧ್ವನಿಯ,ಧ್ವನಿಯಲ್ಲಿ,ಧ್ವನಿಯೇ
ಶಕ್ತಿ,ಶಕ್ತಿ,ಶಕ್ತಿಯನ್ನು,ಶಕ್ತಿಯಿಂದ,ಶಕ್ತಿಗೆ,ಶಕ್ತಿಯಿಂದ,ಶಕ್ತಿಯ,ಶಕ್ತಿಯಲ್ಲಿ,ಶಕ್ತಿಯೇ
ರಕ್ಷಣಾ,ರಕ್ಷಣಾ,ರಕ್ಷಣೆಯನ್ನು,ರಕ್ಷಣೆಯಿಂದ,ರಕ್ಷಣೆಗೆ,ರಕ್ಷಣೆಯಿಂದ,ರಕ್ಷಣೆಯ,ರಕ್ಷಣೆಯಲ್ಲಿ,ರಕ್ಷಣೆಯೇ
ಗತಿ,ಗತಿ,ಗತಿಯನ್ನು,ಗತಿಯಿಂದ,ಗತಿಗೆ,ಗತಿಯಿಂದ,ಗತಿಯ,ಗತಿಯಲ್ಲಿ,ಗತಿಯೇ
ಬುದ್ಧಿ,ಬುದ್ಧಿ,ಬುದ್ಧಿಯನ್ನು,ಬುದ್ಧಿಯಿಂದ,ಬುದ್ಧಿಗೆ,ಬುದ್ಧಿಯಿಂದ,ಬುದ್ಧಿಯ,ಬುದ್ಧಿಯಲ್ಲಿ,ಬುದ್ಧಿಯೇ
ನಡತೆ,ನಡತೆ,ನಡತೆಯನ್ನು,ನಡತೆಯಿಂದ,ನಡತೆಗೆ,ನಡತೆಯಿಂದ,ನಡತೆಯ,ನಡತೆಯಲ್ಲಿ,ನಡತೆಯೇ
ಆಸೆ,ಆಸೆ,ಆಸೆಯನ್ನು,ಆಸೆಯಿಂದ,ಆಸೆಗೆ,ಆಸೆಯಿಂದ,ಆಸೆಯ,ಆಸೆಯಲ್ಲಿ,ಆಸೆಯೇ
ಗಡಿ,ಗಡಿ,ಗಡಿಯನ್ನು,ಗಡಿಯಿಂದ,ಗಡಿಗೆ,ಗಡಿಯಿಂದ,ಗಡಿಯ,ಗಡಿಯಲ್ಲಿ,ಗಡಿಯೇ
ಕತ್ತಲೆ,ಕತ್ತಲೆ,ಕತ್ತಲೆಯನ್ನು,ಕತ್ತಲೆಯಿಂದ,ಕತ್ತಲೆಗೆ,ಕತ್ತಲೆಯಿಂದ,ಕತ್ತಲೆಯ,ಕತ್ತಲೆಯಲ್ಲಿ,ಕತ್ತಲೆಯೇ
ನಕ್ಷೆ,ನಕ್ಷೆ,ನಕ್ಷೆಯನ್ನು,ನಕ್ಷೆಯಿಂದ,ನಕ್ಷೆಗೆ,ನಕ್ಷೆಯಿಂದ,ನಕ್ಷೆಯ,ನಕ್ಷೆಯಲ್ಲಿ,ನಕ್ಷೆಯೇ
ಪಕ್ಷ,ಪಕ್ಷ,ಪಕ್ಷವನ್ನು,ಪಕ್ಷದಿಂದ,ಪಕ್ಷಕ್ಕೆ,ಪಕ್ಷದಿಂದ,ಪಕ್ಷದ,ಪಕ್ಷದಲ್ಲಿ,ಪಕ್ಷವೇ
ವೇಗ,ವೇಗ,ವೇಗವನ್ನು,ವೇಗದಿಂದ,ವೇಗಕ್ಕೆ,ವೇಗದಿಂದ,ವೇಗದ,ವೇಗದಲ್ಲಿ,ವೇಗವೇ
ಪ್ರತಿ,ಪ್ರತಿ,ಪ್ರತಿಯನ್ನು,ಪ್ರತಿಯಿಂದ,ಪ್ರತಿಗೆ,ಪ್ರತಿಯಿಂದ,ಪ್ರತಿಯ,ಪ್ರತಿಯಲ್ಲಿ,ಪ್ರತಿಯೇ
ಒಳಗೆ,ಒಳಗೆ,ಒಳಗನ್ನು,ಒಳಗಿನಿಂದ,ಒಳಗಿಗೆ,ಒಳಗಿನಿಂದ,ಒಳಗಿನ,ಒಳಗಿನಲ್ಲಿ,ಒಳಗೇ
ಹೊರಗೆ,ಹೊರಗೆ,ಹೊರಗನ್ನು,ಹೊರಗಿನಿಂದ,ಹೊರಗಿಗೆ,ಹೊರಗಿನಿಂದ,ಹೊರಗಿನ,ಹೊರಗಿನಲ್ಲಿ,ಹೊರಗೇ
ಮೇಲೆ,ಮೇಲೆ,ಮೇಲನ್ನು,ಮೇಲಿನಿಂದ,ಮೇಲಿಗೆ,ಮೇಲಿನಿಂದ,ಮೇಲಿನ,ಮೇಲಿನಲ್ಲಿ,ಮೇಲೇ
ಕೆಳಗೆ,ಕೆಳಗೆ,ಕೆಳಗನ್ನು,ಕೆಳಗಿನಿಂದ,ಕೆಳಗಿಗೆ,ಕೆಳಗಿನಿಂದ,ಕೆಳಗಿನ,ಕೆಳಗಿನಲ್ಲಿ,ಕೆಳಗೆ
ದಾರಿ,ದಾರಿ,ದಾರಿಯನ್ನು,ದಾರಿಯಿಂದ,ದಾರಿಗೆ,ದಾರಿಯಿಂದ,ದಾರಿಯ,ದಾರಿಯಲ್ಲಿ,ದಾರಿಯೇ
ಭಾವ,ಭಾವ,ಭಾವವನ್ನು,ಭಾವದಿಂದ,ಭಾವಕ್ಕೆ,ಭಾವದಿಂದ,ಭಾವದ,ಭಾವದಲ್ಲಿ,ಭಾವವೇ
ಕ್ಷೇತ್ರ,ಕ್ಷೇತ್ರ,ಕ್ಷೇತ್ರವನ್ನು,ಕ್ಷೇತ್ರದಿಂದ,ಕ್ಷೇತ್ರಕ್ಕೆ,ಕ್ಷೇತ್ರದಿಂದ,ಕ್ಷೇತ್ರದ,ಕ್ಷೇತ್ರದಲ್ಲಿ,ಕ್ಷೇತ್ರವೇ
ಚಿನ್ನ,ಚಿನ್ನ,ಚಿನ್ನವನ್ನು,ಚಿನ್ನದಿಂದ,ಚಿನ್ನಕ್ಕೆ,ಚಿನ್ನದಿಂದ,ಚಿನ್ನದ,ಚಿನ್ನದಲ್ಲಿ,ಚಿನ್ನವೇ
ಬೆಳ್ಳಿ,ಬೆಳ್ಳಿ,ಬೆಳ್ಳಿಯನ್ನು,ಬೆಳ್ಳಿಯಿಂದ,ಬೆಳ್ಳಿಗೆ,ಬೆಳ್ಳಿಯಿಂದ,ಬೆಳ್ಳಿಯ,ಬೆಳ್ಳಿಯಲ್ಲಿ,ಬೆಳ್ಳಿಯೇ
ಕಷ್ಟ,ಕಷ್ಟ,ಕಷ್ಟವನ್ನು,ಕಷ್ಟದಿಂದ,ಕಷ್ಟಕ್ಕೆ,ಕಷ್ಟದಿಂದ,ಕಷ್ಟದ,ಕಷ್ಟದಲ್ಲಿ,ಕಷ್ಟವೇ
ಸುಖ,ಸುಖ,ಸುಖವನ್ನು,ಸುಖದಿಂದ,ಸುಖಕ್ಕೆ,ಸುಖದಿಂದ,ಸುಖದ,ಸುಖದಲ್ಲಿ,ಸುಖವೇ
ಅನುಭವ,ಅನುಭವ,ಅನುಭವವನ್ನು,ಅನುಭವದಿಂದ,ಅನುಭವಕ್ಕೆ,ಅನುಭವದಿಂದ,ಅನುಭವದ,ಅನುಭವದಲ್ಲಿ,ಅನುಭವವೇ
ಸಾಲ,ಸಾಲ,ಸಾಲವನ್ನು,ಸಾಲದಿಂದ,ಸಾಲಕ್ಕೆ,ಸಾಲದಿಂದ,ಸಾಲದ,ಸಾಲದಲ್ಲಿ,ಸಾಲವೇ
ಬೆಳೆ,ಬೆಳೆ,ಬೆಳೆಯನ್ನು,ಬೆಳೆಯಿಂದ,ಬೆಳೆಗೆ,ಬೆಳೆಯಿಂದ,ಬೆಳೆಯ,ಬೆಳೆಯಲ್ಲಿ,ಬೆಳೆಯೇ
ಅಂಶ,ಅಂಶ,ಅಂಶವನ್ನು,ಅಂಶದಿಂದ,ಅಂಶಕ್ಕೆ,ಅಂಶದಿಂದ,ಅಂಶದ,ಅಂಶದಲ್ಲಿ,ಅಂಶವೇ
ಸಮೂಹ,ಸಮೂಹ,ಸಮೂಹವನ್ನು,ಸಮೂಹದಿಂದ,ಸಮೂಹಕ್ಕೆ,ಸಮೂಹದಿಂದ,ಸಮೂಹದ,ಸಮೂಹದಲ್ಲಿ,ಸಮೂಹವೇ
ಸೇಡು,ಸೇಡು,ಸೇಡನ್ನು,ಸೇಡಿನಿಂದ,ಸೇಡಿಗೆ,ಸೇಡಿನಿಂದ,ಸೇಡಿನ,ಸೇಡಿನಲ್ಲಿ,ಸೇಡೇ
ವಿಚಾರ,ವಿಚಾರ,ವಿಚಾರವನ್ನು,ವಿಚಾರದಿಂದ,ವಿಚಾರಕ್ಕೆ,ವಿಚಾರದಿಂದ,ವಿಚಾರದ,ವಿಚಾರದಲ್ಲಿ,ವಿಚಾರವೇ
ಪುರ,ಪುರ,ಪುರವನ್ನು,ಪುರದಿಂದ,ಪುರಕ್ಕೆ,ಪುರದಿಂದ,ಪುರದ,ಪುರದಲ್ಲಿ,ಪುರವೇ
ದೀಪ,ದೀಪ,ದೀಪವನ್ನು,ದೀಪದಿಂದ,ದೀಪಕ್ಕೆ,ದೀಪದಿಂದ,ದೀಪದ,ದೀಪದಲ್ಲಿ,ದೀಪವೇ
ಮೋಡ,ಮೋಡ,ಮೋಡವನ್ನು,ಮೋಡದಿಂದ,ಮೋಡಕ್ಕೆ,ಮೋಡದಿಂದ,ಮೋಡದ,ಮೋಡದಲ್ಲಿ,ಮೋಡವೇ